Comune;ATO;Abitanti;Kg di rifiuti differenziati (RDi);Kg di rifiuti non differenziati (RUind);Totale Kg di rifiuti prodotti (RDi+comp+RUind);Produzione R.U. pro capite annua in Kg;Anno
Aiello del Sabato;Avellino;3988; 837.843 ; 436.310 ; 1.274.153 ;319;2021
Altavilla Irpina;Avellino;3960; 1.036.950 ; 388.120 ; 1.438.758 ;363;2021
Andretta;Avellino;1658; 313.201 ; 162.280 ; 475.481 ;287;2021
Aquilonia;Avellino;1493; 283.255 ; 296.160 ; 579.415 ;388;2021
Ariano Irpino;Avellino;21243; 4.002.821 ; 4.064.840 ; 8.078.611 ;380;2021
Atripalda;Avellino;10440; 3.056.235 ; 1.921.640 ; 5.012.915 ;480;2021
Avella;Avellino;7561; 2.695.878 ; 407.550 ; 3.144.491 ;416;2021
Avellino;Avellino;52568; 14.699.170 ; 6.890.880 ; 21.590.050 ;411;2021
Bagnoli Irpino;Avellino;2991; 728.415 ; 430.760 ; 1.159.175 ;388;2021
Baiano;Avellino;4454; 1.515.391 ; 392.820 ; 1.908.211 ;428;2021
Bisaccia;Avellino;3561; 820.559 ; 348.680 ; 1.169.239 ;328;2021
Bonito;Avellino;2212; 357.667 ; 271.980 ; 636.491 ;288;2021
Calitri;Avellino;4274; 956.922 ; 395.640 ; 1.352.562 ;316;2021
Candida;Avellino;1085; 214.955 ; 136.460 ; 351.415 ;324;2021
Capriglia Irpina;Avellino;2241; 235.868 ; 391.020 ; 626.888 ;280;2021
Carife;Avellino;1291; 211.434 ; 176.560 ; 387.994 ;301;2021
Casalbore;Avellino;1595; 316.890 ; 196.980 ; 513.870 ;322;2021
Cassano Irpino;Avellino;932; 175.281 ; 78.380 ; 253.661 ;272;2021
Castel Baronia;Avellino;1063; 174.310 ; 102.400 ; 276.710 ;260;2021
Castelfranci;Avellino;1802; 348.705 ; 193.669 ; 542.374 ;301;2021
Castelvetere sul Calore;Avellino;1503; 319.000 ; 189.380 ; 508.380 ;338;2021
Cervinara;Avellino;8776; 2.425.099 ; 2.327.120 ; 4.752.219 ;542;2021
Cesinali;Avellino;2558; 648.941 ; 249.990 ; 898.931 ;351;2021
Chiusano di San Domenico;Avellino;2093; 489.860 ; 177.360 ; 667.220 ;319;2021
Contrada;Avellino;2941; 602.361 ; 424.340 ; 1.026.701 ;349;2021
Conza della Campania;Avellino;1265; 208.496 ; 189.480 ; 397.976 ;315;2021
Domicella;Avellino;1838; 717.985 ; 60 ; 718.045 ;391;2021
Flumeri;Avellino;2578; 485.369 ; 443.880 ; 929.249 ;360;2021
Fontanarosa;Avellino;2863; 617.566 ; 321.750 ; 939.316 ;328;2021
Forino;Avellino;5174; 1.449.320 ; 832.540 ; 2.281.860 ;441;2021
Frigento;Avellino;3433; 610.010 ; 322.180 ; 1.239.338 ;361;2021
Gesualdo;Avellino;3256; 653.023 ; 342.530 ; 995.553 ;306;2021
Grottaminarda;Avellino;7665; 1.899.886 ; 1.424.610 ; 3.324.496 ;434;2021
Guardia Lombardi;Avellino;1511; 243.229 ; 112.570 ; 355.799 ;235;2021
Lacedonia;Avellino;2071; 316.040 ; 418.120 ; 734.160 ;354;2021
Lapio;Avellino;1432; 285.899 ; 130.400 ; 439.568 ;307;2021
Lauro;Avellino;3282; 923.395 ; 458.760 ; 1.398.854 ;426;2021
Lioni;Avellino;5976; 1.535.941 ; 713.710 ; 2.249.651 ;376;2021
Luogosano;Avellino;1095; 320.749 ; 114.840 ; 435.589 ;398;2021
Manocalzati;Avellino;3024; 845.550 ; 402.600 ; 1.248.150 ;413;2021
Marzano di Nola;Avellino;1614; 596.217 ; 118.740 ; 714.957 ;443;2021
Melito Irpino;Avellino;1780; 350.314 ; 186.780 ; 537.094 ;302;2021
Mercogliano;Avellino;11590; 2.514.907 ; 2.311.940 ; 4.835.333 ;417;2021
Montecalvo Irpino;Avellino;3355; 530.174 ; 401.800 ; 931.974 ;278;2021
Monteforte Irpino;Avellino;11377; 2.991.810 ; 1.407.320 ; 4.399.130 ;387;2021
Montefredane;Avellino;2115; 472.710 ; 324.684 ; 797.394 ;377;2021
Montefusco;Avellino;1213; 335.355 ; 52.420 ; 387.775 ;320;2021
Montella;Avellino;7311; 2.460.278 ; 852.540 ; 3.312.818 ;453;2021
Montemarano;Avellino;2622; 452.650 ; 379.160 ; 859.185 ;328;2021
Montemiletto;Avellino;5043; 914.770 ; 745.680 ; 1.671.400 ;331;2021
Monteverde;Avellino;714; 168.627 ; 77.800 ; 246.427 ;345;2021
Morra De Sanctis;Avellino;1131; 157.655 ; 288.642 ; 446.297 ;395;2021
Nusco;Avellino;3907; 593.579 ; 544.070 ; 1.137.649 ;291;2021
Ospedaletto d'Alpinolo;Avellino;2080; 553.257 ; 212.180 ; 765.437 ;368;2021
Pago del Vallo di Lauro;Avellino;1769; 377.060 ; 254.220 ; 631.280 ;357;2021
Parolise;Avellino;639; 176.774 ; 91.490 ; 271.002 ;424;2021
Paternopoli;Avellino;2142; 481.397 ; 226.480 ; 707.877 ;330;2021
Petruro Irpino;Avellino;293; 26.080 ; 43.600 ; 69.680 ;238;2021
Pietradefusi;Avellino;1914; 386.033 ; 330.340 ; 716.373 ;374;2021
Pietrastornina;Avellino;1447; 336.153 ; 168.983 ; 505.136 ;349;2021
Prata di Principato Ultra;Avellino;2727; 567.860 ; 473.880 ; 1.041.740 ;382;2021
Pratola Serra;Avellino;3625; 831.269 ; 560.420 ; 1.391.689 ;384;2021
Quadrelle;Avellino;1801; 447.063 ; 154.960 ; 602.023 ;334;2021
Quindici;Avellino;1844; 284.085 ; 371.370 ; 655.455 ;355;2021
Roccabascerana;Avellino;2327; 615.770 ; 218.640 ; 834.410 ;359;2021
Rocca San Felice;Avellino;796; 156.072 ; 55.760 ; 211.832 ;266;2021
Salza Irpina;Avellino;721; 168.158 ; 54.900 ; 223.058 ;309;2021
San Mango sul Calore;Avellino;1076; 231.425 ; 67.300 ; 298.725 ;278;2021
San Martino Valle Caudina;Avellino;4771; 1.452.929 ; 404.960 ; 1.857.889 ;389;2021
San Michele di Serino;Avellino;2426; 500.357 ; 400.460 ; 900.817 ;371;2021
San Potito Ultra;Avellino;1457; 368.625 ; 164.000 ; 538.100 ;369;2021
San Sossio Baronia;Avellino;1517; 235.900 ; 177.600 ; 413.500 ;273;2021
Sant'Andrea di Conza;Avellino;1353; 348.603 ; 62.740 ; 428.316 ;317;2021
Sant'Angelo all'Esca;Avellino;741; 177.355 ; 82.220 ; 259.575 ;350;2021
Sant'Angelo dei Lombardi;Avellino;3876; 593.413 ; 764.830 ; 1.358.243 ;350;2021
Santa Paolina;Avellino;1166; 230.950 ; 139.040 ; 369.990 ;317;2021
Santo Stefano del Sole;Avellino;2060; 432.074 ; 264.060 ; 696.134 ;338;2021
Savignano Irpino;Avellino;1008; 159.147 ; 131.750 ; 290.897 ;289;2021
Scampitella;Avellino;1042; 213.639 ; 110.660 ; 324.299 ;311;2021
Solofra;Avellino;12051; 2.669.803 ; 1.937.260 ; 4.632.522 ;384;2021
Sorbo Serpico;Avellino;532; 131.558 ; 38.420 ; 169.978 ;320;2021
Sperone;Avellino;3623; 1.234.801 ; 209.920 ; 1.444.721 ;399;2021
Sturno;Avellino;2814; 679.335 ; 274.250 ; 953.585 ;339;2021
Summonte;Avellino;1488; 318.096 ; 184.780 ; 502.876 ;338;2021
Taurano;Avellino;1477; 411.300 ; 66.560 ; 477.860 ;324;2021
Taurasi;Avellino;2174; 513.339 ; 246.240 ; 759.579 ;349;2021
Teora;Avellino;1455; 286.297 ; 135.050 ; 421.347 ;290;2021
Torella dei Lombardi;Avellino;1959; 293.396 ; 208.240 ; 501.636 ;256;2021
Trevico;Avellino;865; 149.034 ; 117.980 ; 267.014 ;309;2021
Vallesaccarda;Avellino;1242; 307.848 ; 119.760 ; 447.592 ;360;2021
Venticano;Avellino;2275; 486.644 ; 349.800 ; 856.154 ;376;2021
Villamaina;Avellino;910; 158.013 ; 115.560 ; 273.573 ;301;2021
Villanova del Battista;Avellino;1465; 287.538 ; 145.300 ; 432.838 ;295;2021
Volturara Irpina;Avellino;3003; 690.247 ; 428.220 ; 1.118.467 ;372;2021
Zungoli;Avellino;972; 221.190 ; 50.540 ; 271.730 ;280;2021
Montoro;Avellino;19248; 5.172.183 ; 2.364.400 ; 7.536.583 ;392;2021
Airola;Benevento;8098; 2.433.957 ; 721.079 ; 3.155.036 ;390;2021
Amorosi;Benevento;2631; 705.594 ; 315.240 ; 1.095.568 ;416;2021
Apice;Benevento;5330; 1.348.849 ; 355.840 ; 1.704.689 ;320;2021
Apollosa;Benevento;2492; 448.315 ; 148.360 ; 741.763 ;298;2021
Arpaia;Benevento;1987; 559.760 ; 193.869 ; 753.629 ;379;2021
Arpaise;Benevento;726; 121.590 ; 36.260 ; 157.850 ;217;2021
Baselice;Benevento;2095; 459.880 ; 80.700 ; 540.580 ;258;2021
Benevento;Benevento;56939; 17.099.687 ; 8.657.570 ; 26.075.628 ;458;2021
Bonea;Benevento;1361; 410.760 ; 120.360 ; 531.120 ;390;2021
Bucciano;Benevento;1985; 678.200 ; 128.600 ; 814.739 ;410;2021
Buonalbergo;Benevento;1535; 341.735 ; 185.020 ; 526.755 ;343;2021
Campolattaro;Benevento;968; 179.840 ; 38.900 ; 267.741 ;277;2021
Campoli del Monte Taburno;Benevento;1581; 283.790 ; 130.420 ; 414.210 ;262;2021
Casalduni;Benevento;1227; 184.093 ; 117.000 ; 555.681 ;453;2021
Castelfranco in Miscano;Benevento;820; 141.730 ; 67.840 ; 209.570 ;256;2021
Castelpagano;Benevento;1358; 197.210 ; 90.200 ; 409.229 ;301;2021
Castelpoto;Benevento;1122; 191.220 ; 121.020 ; 312.240 ;278;2021
Castelvenere;Benevento;2387; 554.578 ; 144.840 ; 762.381 ;319;2021
Castelvetere in Val Fortore;Benevento;1009; 158.210 ; 62.980 ; 221.190 ;219;2021
Cautano;Benevento;1899; 545.620 ; 82.720 ; 628.340 ;331;2021
Cerreto Sannita;Benevento;3599; 1.003.170 ; 236.780 ; 1.239.950 ;345;2021
Circello;Benevento;2160; 465.372 ; 106.800 ; 572.172 ;265;2021
Colle Sannita;Benevento;2182; 488.857 ; 271.480 ; 760.337 ;348;2021
Cusano Mutri;Benevento;3766; 671.270 ; 207.780 ; 1.122.414 ;298;2021
Dugenta;Benevento;2581; 540.195 ; 229.400 ; 769.595 ;298;2021
Durazzano;Benevento;2108; 937.160 ; 104.040 ; 1.041.200 ;494;2021
Faicchio;Benevento;3318; 718.150 ; 144.600 ; 862.750 ;260;2021
Foglianise;Benevento;3199; 866.420 ; 366.560 ; 1.232.980 ;385;2021
Foiano di Val Fortore;Benevento;1334; 275.620 ; 107.940 ; 383.560 ;288;2021
Forchia;Benevento;1184; 461.784 ; 72.400 ; 534.184 ;451;2021
Fragneto l'Abate;Benevento;963; 230.070 ; 48.490 ; 319.623 ;332;2021
Fragneto Monforte;Benevento;1678; 301.120 ; 166.240 ; 550.854 ;328;2021
Ginestra degli Schiavoni;Benevento;415; 86.480 ; 14.600 ; 101.080 ;244;2021
Guardia Sanframondi;Benevento;4631; 1.033.519 ; 212.470 ; 1.269.532 ;274;2021
Moiano;Benevento;4037; 1.112.890 ; 235.640 ; 1.354.005 ;335;2021
Molinara;Benevento;1449; 333.461 ; 168.200 ; 501.661 ;346;2021
Montesarchio;Benevento;12959; 4.232.503 ; 687.180 ; 4.927.896 ;380;2021
Morcone;Benevento;4497; 827.147 ; 244.600 ; 1.175.772 ;261;2021
Paduli;Benevento;3625; 793.605 ; 178.270 ; 971.875 ;268;2021
Pago Veiano;Benevento;2275; 594.678 ; 178.960 ; 791.979 ;348;2021
Paolisi;Benevento;2000; 806.666 ; 230.440 ; 1.037.106 ;519;2021
Pesco Sannita;Benevento;1851; 397.760 ; 185.420 ; 596.868 ;322;2021
Pietraroja;Benevento;509; 109.450 ; 26.500 ; 135.950 ;267;2021
Pietrelcina;Benevento;2885; 926.340 ; 220.600 ; 1.175.410 ;407;2021
Pontelandolfo;Benevento;1989; 457.137 ; 168.200 ; 625.337 ;314;2021
Puglianello;Benevento;1286; 383.243 ; 172.156 ; 555.399 ;432;2021
Reino;Benevento;1106; 280.106 ; 84.200 ; 364.306 ;329;2021
San Bartolomeo in Galdo;Benevento;4403; 988.897 ; 387.490 ; 1.397.740 ;317;2021
San Giorgio del Sannio;Benevento;9730; 2.429.270 ; 988.900 ; 3.418.170 ;351;2021
San Giorgio La Molara;Benevento;2789; 441.300 ; 100.040 ; 541.340 ;194;2021
San Leucio del Sannio;Benevento;2920; 650.450 ; 177.440 ; 830.628 ;284;2021
San Lorenzello;Benevento;2118; 500.541 ; 246.160 ; 746.701 ;353;2021
San Lupo;Benevento;722; 146.730 ; 110.600 ; 257.330 ;356;2021
San Martino Sannita;Benevento;1161; 287.270 ; 116.000 ; 433.656 ;374;2021
San Nazzaro;Benevento;855; 166.325 ; 101.410 ; 295.110 ;345;2021
San Nicola Manfredi;Benevento;3502; 781.720 ; 512.340 ; 1.294.060 ;370;2021
San Salvatore Telesino;Benevento;3827; 1.102.967 ; 504.240 ; 1.663.052 ;435;2021
Santa Croce del Sannio;Benevento;857; 189.798 ; 93.190 ; 303.793 ;354;2021
Sant'Agata de' Goti;Benevento;10280; 2.226.600 ; 1.279.880 ; 3.579.845 ;348;2021
Sant'Angelo a Cupolo;Benevento;4082; 888.210 ; 275.620 ; 1.182.993 ;290;2021
Sassinoro;Benevento;628; 105.473 ; 41.360 ; 146.833 ;234;2021
Solopaca;Benevento;3498; 965.370 ; 342.020 ; 1.307.390 ;374;2021
Telese Terme;Benevento;7638; 2.780.440 ; 1.211.000 ; 4.043.453 ;529;2021
Tocco Caudio;Benevento;1414; 288.700 ; 136.100 ; 424.800 ;300;2021
Torrecuso;Benevento;3236; 711.910 ; 404.480 ; 1.116.390 ;345;2021
Vitulano;Benevento;2722; 738.290 ; 204.000 ; 942.290 ;346;2021
Rotondi;Benevento;3424; 1.112.798 ; 349.000 ; 1.461.798 ;427;2021
Ailano;Caserta;1207; 285.525 ; 96.420 ; 381.945 ;316;2021
Alife;Caserta;7252; 1.344.882 ; 1.230.700 ; 2.575.582 ;355;2021
Alvignano;Caserta;4512; 924.689 ; 564.000 ; 1.652.939 ;366;2021
Arienzo;Caserta;5236; 1.605.391 ; 328.270 ; 1.933.661 ;369;2021
Aversa;Caserta;50221; 9.005.810 ; 17.737.410 ; 26.758.276 ;533;2021
Caianello;Caserta;1733; 581.780 ; 342.820 ; 982.088 ;567;2021
Caiazzo;Caserta;5166; 1.296.256 ; 416.040 ; 1.712.296 ;331;2021
Camigliano;Caserta;1980; 468.655 ; 269.640 ; 738.295 ;373;2021
Capodrise;Caserta;10059; 3.432.961 ; 1.020.120 ; 4.456.366 ;443;2021
Capriati a Volturno;Caserta;1468; 262.030 ; 156.880 ; 418.910 ;285;2021
Capua;Caserta;17573; 3.865.640 ; 5.108.810 ; 8.985.400 ;511;2021
Carinaro;Caserta;7130; 2.432.467 ; 1.322.590 ; 3.755.057 ;527;2021
Casaluce;Caserta;9383; 1.376.190 ; 3.142.020 ; 4.518.210 ;482;2021
Casapulla;Caserta;8301; 2.259.478 ; 1.227.810 ; 3.487.288 ;420;2021
Caserta;Caserta;73068; 20.358.332 ; 17.227.662 ; 37.755.172 ;517;2021
Castel Campagnano;Caserta;1473; 456.150 ; 226.020 ; 682.170 ;463;2021
Castel di Sasso;Caserta;1046; 103.220 ; 128.890 ; 358.309 ;343;2021
Castel Volturno;Caserta;27695; 6.276.382 ; 15.919.410 ; 22.195.792 ;801;2021
Cervino;Caserta;4776; 1.349.600 ; 331.860 ; 1.681.460 ;352;2021
Cesa;Caserta;9369; 2.294.320 ; 1.406.260 ; 3.701.675 ;395;2021
Ciorlano;Caserta;371; 24.945 ; 102.880 ; 127.825 ;345;2021
Conca della Campania;Caserta;1166; 270.250 ; 88.540 ; 358.790 ;308;2021
Curti;Caserta;6684; 1.746.500 ; 1.629.050 ; 3.375.550 ;505;2021
Dragoni;Caserta;1957; 430.090 ; 382.970 ; 813.060 ;415;2021
Formicola;Caserta;1371; 339.950 ; 264.380 ; 607.889 ;443;2021
Francolise;Caserta;4613; 1.312.664 ; 956.554 ; 2.269.218 ;492;2021
Frignano;Caserta;8878; 1.568.250 ; 2.747.440 ; 4.315.690 ;486;2021
Gallo Matese;Caserta;496; 40.706 ; 99.520 ; 140.226 ;283;2021
Galluccio;Caserta;2011; 636.635 ; 147.460 ; 803.258 ;399;2021
Grazzanise;Caserta;6718; 1.986.438 ; 1.211.250 ; 3.197.688 ;476;2021
Gricignano di Aversa;Caserta;12612; 2.750.358 ; 4.320.840 ; 7.071.198 ;561;2021
Letino;Caserta;640; 129.500 ; 69.160 ; 198.660 ;310;2021
Liberi;Caserta;1054; 185.280 ; 131.280 ; 324.773 ;308;2021
Lusciano;Caserta;15687; 4.760.230 ; 2.669.500 ; 7.429.730 ;474;2021
Macerata Campania;Caserta;9961; 2.330.375 ; 1.934.060 ; 4.264.435 ;428;2021
Maddaloni;Caserta;36942; 5.169.324 ; 12.462.900 ; 17.646.733 ;478;2021
Marcianise;Caserta;38476; 14.856.515 ; 3.198.870 ; 18.055.385 ;469;2021
Marzano Appio;Caserta;1983; 369.390 ; 356.770 ; 726.160 ;366;2021
Mignano Monte Lungo;Caserta;2983; 689.850 ; 281.960 ; 1.032.035 ;346;2021
Mondragone;Caserta;28373; 6.995.204 ; 8.055.150 ; 15.050.354 ;530;2021
Orta di Atella;Caserta;27113; 3.462.260 ; 6.058.660 ; 9.520.920 ;351;2021
Parete;Caserta;12099; 3.866.025 ; 1.467.300 ; 5.333.325 ;441;2021
Pastorano;Caserta;2915; 1.265.620 ; 636.720 ; 1.902.340 ;653;2021
Piana di Monte Verna;Caserta;2050; 436.040 ; 340.740 ; 826.055 ;403;2021
Pietramelara;Caserta;4475; 1.255.965 ; 560.580 ; 1.816.545 ;406;2021
Pietravairano;Caserta;2856; 490.288 ; 329.120 ; 841.308 ;295;2021
Pignataro Maggiore;Caserta;5735; 1.548.590 ; 1.032.880 ; 2.581.470 ;450;2021
Pontelatone;Caserta;1523; 416.820 ; 303.720 ; 720.540 ;473;2021
Portico di Caserta;Caserta;7733; 1.512.522 ; 1.734.050 ; 3.246.572 ;420;2021
Prata Sannita;Caserta;1371; 282.250 ; 118.000 ; 427.625 ;312;2021
Pratella;Caserta;1430; 222.733 ; 390.380 ; 613.113 ;429;2021
Recale;Caserta;7583; 2.460.667 ; 768.070 ; 3.228.737 ;426;2021
Riardo;Caserta;2228; 677.105 ; 307.280 ; 984.385 ;442;2021
Rocca d'Evandro;Caserta;3015; 541.200 ; 216.400 ; 757.600 ;251;2021
Roccamonfina;Caserta;3182; 976.020 ; 403.320 ; 1.379.340 ;433;2021
Roccaromana;Caserta;839; 159.153 ; 146.060 ; 305.213 ;364;2021
Rocchetta e Croce;Caserta;451; 64.860 ; 27.940 ; 92.800 ;206;2021
Ruviano;Caserta;1703; 234.290 ; 205.300 ; 688.429 ;404;2021
San Cipriano d'Aversa;Caserta;13049; 4.389.376 ; 1.786.860 ; 6.176.236 ;473;2021
San Felice a Cancello;Caserta;16824; 4.400.499 ; 2.516.480 ; 6.916.979 ;411;2021
San Gregorio Matese;Caserta;887; 207.025 ; 125.740 ; 332.765 ;375;2021
San Potito Sannitico;Caserta;1933; 363.948 ; 273.300 ; 637.248 ;330;2021
San Prisco;Caserta;11946; 2.635.272 ; 2.404.520 ; 5.039.792 ;422;2021
Santa Maria a Vico;Caserta;14106; 4.757.325 ; 723.510 ; 5.508.210 ;390;2021
Santa Maria Capua Vetere;Caserta;31930; 7.729.510 ; 7.966.080 ; 15.716.395 ;492;2021
Santa Maria la Fossa;Caserta;2525; 697.980 ; 483.140 ; 1.181.120 ;468;2021
San Tammaro;Caserta;5668; 1.470.638 ; 1.265.470 ; 2.736.108 ;483;2021
Sant'Angelo d'Alife;Caserta;2077; 490.571 ; 154.840 ; 653.624 ;315;2021
Sant'Arpino;Caserta;14922; 3.180.057 ; 2.729.960 ; 5.910.017 ;396;2021
Sessa Aurunca;Caserta;20279; 4.756.720 ; 5.361.110 ; 10.117.830 ;499;2021
Sparanise;Caserta;7206; 2.105.300 ; 1.088.040 ; 3.193.340 ;443;2021
Vairano Patenora;Caserta;6310; 2.006.645 ; 916.540 ; 2.923.185 ;463;2021
Valle Agricola;Caserta;764; 119.487 ; 82.740 ; 202.227 ;265;2021
Valle di Maddaloni;Caserta;2633; 705.083 ; 437.280 ; 1.142.363 ;434;2021
Villa di Briano;Caserta;7267; 1.806.996 ; 1.889.050 ; 3.696.046 ;509;2021
Villa Literno;Caserta;12078; 2.245.864 ; 5.536.540 ; 7.782.404 ;644;2021
Vitulazio;Caserta;7581; 1.875.151 ; 1.388.590 ; 3.263.741 ;431;2021
Falciano del Massico;Caserta;3344; 988.525 ; 595.120 ; 1.583.645 ;474;2021
Cellole;Caserta;8039; 4.278.821 ; 2.475.820 ; 6.754.641 ;840;2021
Casapesenna;Caserta;6772; 1.590.160 ; 2.114.580 ; 3.704.740 ;547;2021
San Marco Evangelista;Caserta;6421; 2.159.500 ; 1.140.260 ; 3.299.760 ;514;2021
Acerra;NA 1;58152; 17.711.165 ; 8.325.280 ; 26.036.445 ;448;2021
Afragola;NA 1;61881; 9.239.060 ; 21.041.280 ; 30.280.340 ;489;2021
Caivano;NA 1;35587; 6.609.545 ; 13.391.439 ; 20.000.984 ;562;2021
Casalnuovo di Napoli;NA 1;47019; 11.178.475 ; 10.650.724 ; 21.829.199 ;464;2021
Casoria;NA 1;73492; 17.988.769 ; 16.884.937 ; 34.873.706 ;475;2021
Crispano;NA 1;11582; 2.632.845 ; 3.139.842 ; 5.772.687 ;498;2021
Frattaminore;NA 1;15317; 3.709.358 ; 2.946.020 ; 6.655.378 ;435;2021
Napoli;NA 1;914758; 188.506.181 ; 314.238.110 ; 502.784.806 ;550;2021
Bacoli;NA 2;25258; 11.380.339 ; 2.998.600 ; 14.487.892 ;574;2021
Barano d'Ischia;NA 2;9876; 2.254.274 ; 2.427.360 ; 4.681.634 ;474;2021
Calvizzano;NA 2;12115; 2.121.160 ; 3.394.020 ; 5.515.180 ;455;2021
Casamicciola Terme;NA 2;7709; 1.829.259 ; 2.674.340 ; 4.503.599 ;584;2021
Casandrino;NA 2;13470; 3.651.391 ; 2.243.470 ; 5.894.861 ;438;2021
Casavatore;NA 2;18077; 3.824.030 ; 4.370.220 ; 8.194.250 ;453;2021
Forio;NA 2;17348; 4.894.484 ; 6.403.800 ; 11.298.284 ;651;2021
Frattamaggiore;NA 2;28517; 8.749.511 ; 6.563.440 ; 15.312.951 ;537;2021
Giugliano in Campania;NA 2;122935; 34.937.377 ; 33.399.740 ; 68.378.180 ;556;2021
Grumo Nevano;NA 2;17106; 3.736.497 ; 4.007.510 ; 7.744.007 ;453;2021
Ischia;NA 2;19451; 6.863.674 ; 6.858.120 ; 13.721.794 ;705;2021
Lacco Ameno;NA 2;4584; 1.213.112 ; 1.815.760 ; 3.028.872 ;661;2021
Marano di Napoli;NA 2;57514; 9.664.674 ; 15.058.753 ; 24.723.427 ;430;2021
Melito di Napoli;NA 2;35878; 2.810.751 ; 13.904.260 ; 16.715.011 ;466;2021
Monte di Procida;NA 2;11825; 4.242.492 ; 1.173.500 ; 5.415.992 ;458;2021
Mugnano di Napoli;NA 2;34150; 8.388.547 ; 6.394.220 ; 14.782.767 ;433;2021
Pozzuoli;NA 2;76290; 31.645.695 ; 12.639.440 ; 44.285.135 ;580;2021
Procida;NA 2;10091; 4.815.483 ; 1.946.730 ; 6.762.213 ;670;2021
Qualiano;NA 2;24532; 5.013.560 ; 5.131.420 ; 10.144.980 ;414;2021
Quarto;NA 2;40924; 9.498.113 ; 8.175.310 ; 17.673.423 ;432;2021
Sant'Antimo;NA 2;32238; 9.980.617 ; 6.856.000 ; 16.836.617 ;522;2021
Serrara Fontana;NA 2;3020; 365.500 ; 1.387.680 ; 1.753.180 ;581;2021
Agerola;NA 3;7651; 2.289.371 ; 1.008.200 ; 3.417.474 ;447;2021
Anacapri;NA 3;6854; 2.788.341 ; 1.125.800 ; 4.040.066 ;589;2021
Boscoreale;NA 3;26043; 6.478.264 ; 5.174.480 ; 11.652.744 ;447;2021
Boscotrecase;NA 3;9671; 2.971.394 ; 1.812.700 ; 4.784.094 ;495;2021
Brusciano;NA 3;15703; 4.373.640 ; 2.355.840 ; 6.729.480 ;429;2021
Camposano;NA 3;5089; 1.976.415 ; 486.800 ; 2.463.215 ;484;2021
Carbonara di Nola;NA 3;2464; 688.670 ; 395.400 ; 1.350.976 ;548;2021
Casola di Napoli;NA 3;3640; 1.063.368 ; 307.690 ; 1.371.058 ;377;2021
Castellammare di Stabia;NA 3;63161; 16.980.095 ; 16.104.240 ; 33.085.156 ;524;2021
Castello di Cisterna;NA 3;7740; 2.962.499 ; 994.080 ; 3.960.685 ;512;2021
Cercola;NA 3;16926; 4.349.695 ; 4.059.180 ; 8.408.875 ;497;2021
Cicciano;NA 3;12266; 3.798.550 ; 936.520 ; 4.735.070 ;386;2021
Cimitile;NA 3;6890; 2.723.295 ; 201.100 ; 2.924.395 ;424;2021
Comiziano;NA 3;1680; 516.370 ; 581.940 ; 1.098.310 ;654;2021
Gragnano;NA 3;28024; 7.286.265 ; 4.383.950 ; 11.670.215 ;416;2021
Lettere;NA 3;6033; 1.669.580 ; 811.280 ; 2.480.860 ;411;2021
Marigliano;NA 3;28977; 6.159.786 ; 6.976.382 ; 13.220.483 ;456;2021
Massa Lubrense;NA 3;14046; 5.131.454 ; 1.557.880 ; 6.880.959 ;490;2021
Meta;NA 3;7796; 2.126.138 ; 1.527.350 ; 3.653.488 ;469;2021
Nola;NA 3;33622; 9.367.440 ; 7.689.970 ; 17.057.410 ;507;2021
Ottaviano;NA 3;22901; 10.204.856 ; 1.569.100 ; 11.773.956 ;514;2021
Palma Campania;NA 3;16362; 6.336.463 ; 1.449.380 ; 7.785.843 ;476;2021
Piano di Sorrento;NA 3;12381; 4.098.840 ; 2.169.060 ; 6.308.963 ;510;2021
Pimonte;NA 3;5808; 1.361.650 ; 765.340 ; 2.126.990 ;366;2021
Poggiomarino;NA 3;21887; 6.857.002 ; 3.279.914 ; 10.136.916 ;463;2021
Pollena Trocchia;NA 3;12884; 3.799.999 ; 1.892.940 ; 5.692.939 ;442;2021
Pomigliano d'Arco;NA 3;39683; 13.051.757 ; 5.946.900 ; 18.998.657 ;479;2021
Pompei;NA 3;23990; 8.942.610 ; 7.560.880 ; 16.503.490 ;688;2021
Portici;NA 3;52224; 13.797.371 ; 10.010.380 ; 23.807.751 ;456;2021
Ercolano;NA 3;50093; 11.173.671 ; 10.867.160 ; 22.040.831 ;440;2021
Roccarainola;NA 3;6561; 1.616.900 ; 530.400 ; 2.147.300 ;327;2021
San Gennaro Vesuviano;NA 3;12297; 3.001.640 ; 2.882.760 ; 5.884.400 ;479;2021
San Giorgio a Cremano;NA 3;42784; 7.960.245 ; 7.787.120 ; 15.747.365 ;368;2021
San Giuseppe Vesuviano;NA 3;29838; 7.962.556 ; 5.317.655 ; 13.280.211 ;445;2021
San Sebastiano al Vesuvio;NA 3;8650; 2.603.430 ; 1.759.320 ; 4.362.750 ;504;2021
Sant'Agnello;NA 3;8659; 2.970.440 ; 1.419.880 ; 4.390.320 ;507;2021
Sant'Anastasia;NA 3;26233; 9.399.298 ; 3.666.260 ; 13.065.558 ;498;2021
Sant'Antonio Abate;NA 3;19070; 7.271.718 ; 1.926.480 ; 9.198.198 ;482;2021
San Vitaliano;NA 3;6351; 2.537.021 ; 674.740 ; 3.211.761 ;506;2021
Saviano;NA 3;15925; 4.580.393 ; 2.526.200 ; 7.106.593 ;446;2021
Scisciano;NA 3;6111; 1.514.535 ; 746.100 ; 2.260.635 ;370;2021
Somma Vesuviana;NA 3;33677; 12.080.897 ; 7.103.340 ; 19.184.237 ;570;2021
Sorrento;NA 3;15574; 7.855.705 ; 3.536.320 ; 11.487.838 ;738;2021
Striano;NA 3;8672; 3.166.415 ; 1.016.080 ; 4.182.495 ;482;2021
Terzigno;NA 3;17259; 6.227.340 ; 2.769.360 ; 8.996.700 ;521;2021
Torre Annunziata;NA 3;40320; 10.075.208 ; 7.679.574 ; 17.754.782 ;440;2021
Torre del Greco;NA 3;80825; 11.602.040 ; 23.339.300 ; 34.986.783 ;433;2021
Tufino;NA 3;3393; 1.030.180 ; 228.650 ; 1.258.830 ;371;2021
Vico Equense;NA 3;20239; 7.412.281 ; 1.942.460 ; 9.354.741 ;462;2021
Visciano;NA 3;4171; 1.220.220 ; 274.140 ; 1.494.360 ;358;2021
Volla;NA 3;25085; 7.468.699 ; 4.620.080 ; 12.088.779 ;482;2021
Santa Maria la CaritÃ ;NA 3;11639; 3.826.635 ; 1.517.140 ; 5.343.775 ;459;2021
Trecase;NA 3;8562; 1.758.152 ; 2.473.020 ; 4.231.172 ;494;2021
Massa di Somma;NA 3;4990; 1.396.328 ; 837.520 ; 2.233.848 ;448;2021
Caposele;Salerno;3263; 461.100 ; 499.840 ; 960.940 ;294;2021
Acerno;Salerno;2488; 798.550 ; 273.100 ; 1.071.650 ;431;2021
Agropoli;Salerno;21132; 6.679.543 ; 4.248.980 ; 10.928.523 ;517;2021
Albanella;Salerno;6219; 1.563.222 ; 200.180 ; 1.763.402 ;284;2021
Alfano;Salerno;963; 159.765 ; 73.960 ; 233.725 ;243;2021
Altavilla Silentina;Salerno;6923; 1.671.158 ; 515.940 ; 2.187.098 ;316;2021
Amalfi;Salerno;4824; 1.934.530 ; 1.132.460 ; 3.066.990 ;636;2021
Angri;Salerno;33892; 7.501.981 ; 8.818.852 ; 16.320.833 ;482;2021
Aquara;Salerno;1351; 287.421 ; 91.270 ; 378.691 ;280;2021
Ascea;Salerno;5745; 2.538.730 ; 1.015.800 ; 3.612.018 ;629;2021
Auletta;Salerno;2140; 401.355 ; 180.460 ; 638.208 ;298;2021
Baronissi;Salerno;16762; 5.867.585 ; 979.760 ; 6.847.345 ;409;2021
Battipaglia;Salerno;49644; 13.635.960 ; 8.641.700 ; 22.277.660 ;449;2021
Bellosguardo;Salerno;701; 184.274 ; 60.730 ; 245.004 ;350;2021
Bracigliano;Salerno;5324; 1.332.011 ; 424.130 ; 1.775.577 ;334;2021
Buonabitacolo;Salerno;2403; 488.256 ; 229.490 ; 717.746 ;299;2021
Caggiano;Salerno;2540; 327.600 ; 242.990 ; 570.590 ;225;2021
Camerota;Salerno;6889; 3.387.720 ; 1.196.320 ; 4.584.040 ;665;2021
Campagna;Salerno;16489; 4.227.856 ; 1.471.880 ; 5.699.736 ;346;2021
Campora;Salerno;343; 21.770 ; 65.420 ; 87.190 ;254;2021
Capaccio;Salerno;22303; 9.507.299 ; 4.691.420 ; 14.562.807 ;653;2021
Casalbuono;Salerno;1051; 139.670 ; 64.950 ; 210.095 ;200;2021
Casaletto Spartano;Salerno;1286; 198.600 ; 120.070 ; 318.670 ;248;2021
Casal Velino;Salerno;5342; 3.166.721 ; 799.760 ; 4.109.105 ;769;2021
Caselle in Pittari;Salerno;1851; 395.279 ; 129.400 ; 552.054 ;298;2021
Castelcivita;Salerno;1472; 440.230 ; 95.950 ; 536.180 ;364;2021
Castellabate;Salerno;8622; 4.753.364 ; 1.787.160 ; 6.540.524 ;759;2021
Castelnuovo di Conza;Salerno;523; 130.620 ; 40.740 ; 171.360 ;328;2021
Castel San Giorgio;Salerno;13637; 4.507.895 ; 1.026.400 ; 5.534.295 ;406;2021
Castel San Lorenzo;Salerno;2240; 480.995 ; 123.080 ; 672.513 ;300;2021
Castiglione del Genovesi;Salerno;1308; 269.461 ; 118.940 ; 388.401 ;297;2021
Cava de' Tirreni;salerno;50797; 14.838.817 ; 7.588.820 ; 22.537.137 ;444;2021
Celle di Bulgheria;Salerno;1748; 378.220 ; 187.670 ; 565.890 ;324;2021
Centola;Salerno;4978; 2.669.450 ; 226.940 ; 2.896.390 ;582;2021
Ceraso;Salerno;2262; 519.478 ; 133.060 ; 666.773 ;295;2021
Cetara;Salerno;1976; 849.860 ; 208.530 ; 1.058.390 ;536;2021
Cicerale;Salerno;1163; 260.153 ; 116.140 ; 376.293 ;324;2021
Colliano;Salerno;3414; 668.230 ; 415.460 ; 1.083.690 ;317;2021
Controne;Salerno;789; 167.315 ; 17.160 ; 184.475 ;234;2021
Contursi Terme;Salerno;3230; 731.330 ; 371.470 ; 1.102.800 ;341;2021
Corbara;Salerno;2484; 672.686 ; 364.940 ; 1.037.626 ;418;2021
Corleto Monforte;Salerno;522; 135.410 ; 38.080 ; 173.490 ;332;2021
Cuccaro Vetere;Salerno;535; 51.350 ; 52.490 ; 157.769 ;295;2021
Eboli;Salerno;37623; 11.075.230 ; 5.242.920 ; 16.318.150 ;434;2021
Felitto;Salerno;1154; 281.731 ; 44.310 ; 326.041 ;283;2021
Fisciano;Salerno;13871; 6.033.924 ; 1.287.180 ; 7.321.104 ;528;2021
Futani;Salerno;1091; 174.330 ; 95.920 ; 270.250 ;248;2021
Giffoni Sei Casali;Salerno;4950; 1.524.921 ; 282.710 ; 1.807.631 ;365;2021
Giungano;Salerno;1285; 281.530 ; 28.910 ; 310.440 ;242;2021
Ispani;Salerno;970; 292.930 ; 215.420 ; 508.350 ;524;2021
Laureana Cilento;Salerno;1212; 240.936 ; 156.170 ; 397.106 ;328;2021
Laurino;Salerno;1313; 230.190 ; 101.800 ; 331.990 ;253;2021
Laurito;Salerno;712; 252.812 ; 72.560 ; 325.372 ;457;2021
Laviano;Salerno;1318; 314.057 ; 122.700 ; 436.757 ;331;2021
Maiori;Salerno;5374; 2.265.922 ; 949.500 ; 3.215.422 ;598;2021
Mercato San Severino;Salerno;21635; 6.902.850 ; 2.492.230 ; 9.395.080 ;434;2021
Minori;Salerno;2583; 1.032.454 ; 289.260 ; 1.321.714 ;512;2021
Moio della Civitella;Salerno;1807; 507.785 ; 107.400 ; 615.185 ;340;2021
Montano Antilia;Salerno;1713; 218.020 ; 45.620 ; 263.640 ;154;2021
Montecorice;Salerno;2534; 1.242.971 ; 143.450 ; 1.386.421 ;547;2021
Montecorvino Pugliano;Salerno;11067; 2.846.092 ; 1.478.080 ; 4.324.172 ;391;2021
Montecorvino Rovella;Salerno;12235; 2.874.966 ; 1.226.420 ; 4.101.386 ;335;2021
Monteforte Cilento;Salerno;539; 81.010 ; 37.620 ; 118.630 ;220;2021
Monte San Giacomo;Salerno;1414; 294.710 ; 110.630 ; 405.340 ;287;2021
Montesano sulla Marcellana;Salerno;6253; 998.280 ; 506.710 ; 1.532.365 ;245;2021
Morigerati;Salerno;611; 207.040 ; 16.840 ; 223.880 ;366;2021
Nocera Inferiore;Salerno;44169; 11.424.845 ; 8.928.880 ; 20.353.725 ;461;2021
Nocera Superiore;Salerno;23763; 7.021.312 ; 1.536.300 ; 8.557.612 ;360;2021
Novi Velia;Salerno;2289; 415.766 ; 188.200 ; 603.966 ;264;2021
Ogliastro Cilento;Salerno;2259; 719.090 ; 290.980 ; 1.064.273 ;471;2021
Olevano sul Tusciano;Salerno;6468; 1.600.370 ; 350.440 ; 1.950.810 ;302;2021
Oliveto Citra;Salerno;3630; 742.534 ; 645.970 ; 1.388.504 ;383;2021
Omignano;Salerno;1589; 428.319 ; 211.090 ; 639.409 ;402;2021
Orria;Salerno;991; 171.440 ; 112.020 ; 283.460 ;286;2021
Ottati;Salerno;631; 115.844 ; 24.070 ; 139.914 ;222;2021
Padula;Salerno;4907; 1.150.720 ; 440.940 ; 1.591.660 ;324;2021
Palomonte;Salerno;3742; 385.680 ; 356.420 ; 742.100 ;198;2021
Pellezzano;Salerno;10912; 2.976.870 ; 820.570 ; 3.797.440 ;348;2021
Perdifumo;Salerno;1728; 478.191 ; 91.530 ; 569.721 ;330;2021
Perito;Salerno;829; 270.950 ; 70.245 ; 341.195 ;412;2021
Pertosa;Salerno;652; 160.600 ; 108.650 ; 269.250 ;413;2021
Piaggine;Salerno;1164; 244.615 ; 74.170 ; 359.848 ;309;2021
Polla;Salerno;5138; 1.330.716 ; 605.460 ; 1.936.176 ;377;2021
Pontecagnano Faiano;Salerno;25793; 9.537.603 ; 3.269.743 ; 12.807.346 ;497;2021
Positano;Salerno;3768; 1.902.051 ; 1.670.610 ; 3.572.661 ;948;2021
Postiglione;Salerno;1974; 310.990 ; 188.450 ; 499.440 ;253;2021
Praiano;Salerno;2001; 804.120 ; 337.141 ; 1.197.654 ;599;2021
Prignano Cilento;Salerno;1054; 212.080 ; 31.170 ; 243.250 ;231;2021
Ravello;Salerno;2386; 1.034.504 ; 585.680 ; 1.620.184 ;679;2021
Ricigliano;Salerno;1067; 119.430 ; 128.260 ; 419.331 ;393;2021
Roccadaspide;Salerno;6907; 1.618.403 ; 424.100 ; 2.042.503 ;296;2021
Roccagloriosa;Salerno;1565; 395.770 ; 137.960 ; 541.943 ;346;2021
Roccapiemonte;Salerno;8675; 2.433.648 ; 789.340 ; 3.222.988 ;372;2021
Rofrano;Salerno;1281; 294.290 ; 95.060 ; 389.350 ;304;2021
Roscigno;Salerno;660; 136.250 ; 33.350 ; 183.288 ;278;2021
Rutino;Salerno;766; 249.285 ; 95.950 ; 345.235 ;451;2021
Sacco;Salerno;443; 70.560 ; 61.080 ; 145.328 ;328;2021
Salento;Salerno;1804; 332.933 ; 116.680 ; 449.613 ;249;2021
Salerno;Salerno;128105; 36.818.488 ; 25.737.100 ; 62.556.409 ;488;2021
Salvitelle;Salerno;493; 48.700 ; 76.960 ; 125.660 ;255;2021
San Cipriano Picentino;Salerno;6474; 1.935.042 ; 968.240 ; 2.903.282 ;448;2021
San Giovanni a Piro;Salerno;3593; 1.184.600 ; 457.360 ; 1.641.960 ;457;2021
San Gregorio Magno;Salerno;3970; 643.162 ; 74.500 ; 854.537 ;215;2021
San Mango Piemonte;Salerno;2601; 634.590 ; 281.860 ; 916.450 ;352;2021
San Marzano sul Sarno;Salerno;10261; 3.465.079 ; 1.127.780 ; 4.592.859 ;448;2021
San Mauro la Bruca;Salerno;543; 53.320 ; 40.840 ; 147.815 ;272;2021
San Rufo;Salerno;1605; 209.775 ; 109.180 ; 318.955 ;199;2021
Santa Marina;Salerno;3191; 832.480 ; 576.760 ; 1.409.240 ;442;2021
Sant'Angelo a Fasanella;Salerno;513; 104.790 ; 39.950 ; 144.740 ;282;2021
Sant'Arsenio;Salerno;2693; 781.220 ; 279.960 ; 1.061.180 ;394;2021
Sant'Egidio del Monte Albino;Salerno;8833; 3.054.434 ; 1.658.940 ; 4.718.849 ;534;2021
Santomenna;Salerno;403; 64.118 ; 79.620 ; 143.738 ;357;2021
Sanza;Salerno;2366; 281.889 ; 130.160 ; 412.049 ;174;2021
Sarno;Salerno;30489; 11.056.010 ; 2.901.330 ; 13.957.340 ;458;2021
Scafati;Salerno;48197; 12.319.400 ; 8.083.600 ; 20.403.000 ;423;2021
Scala;Salerno;1493; 373.522 ; 127.600 ; 501.122 ;336;2021
Serramezzana;Salerno;289; 47.600 ; 21.320 ; 68.920 ;238;2021
Sessa Cilento;Salerno;1201; 229.000 ; 100.600 ; 329.600 ;274;2021
Siano;Salerno;9455; 1.963.050 ; 1.506.490 ; 3.469.540 ;367;2021
Sicignano degli Alburni;Salerno;3077; 837.808 ; 103.880 ; 941.688 ;306;2021
Stella Cilento;Salerno;685; 149.041 ; 65.330 ; 214.371 ;313;2021
Stio;Salerno;773; 157.995 ; 49.080 ; 207.075 ;268;2021
Teggiano;Salerno;7154; 1.397.785 ; 809.400 ; 2.272.064 ;318;2021
Torchiara;Salerno;1808; 729.822 ; 95.690 ; 825.512 ;457;2021
Torre Orsaia;Salerno;1961; 433.060 ; 209.160 ; 642.220 ;327;2021
Tortorella;Salerno;475; 98.540 ; 15.340 ; 120.724 ;254;2021
Tramonti;Salerno;4053; 967.043 ; 308.120 ; 1.559.589 ;385;2021
Trentinara;Salerno;1560; 349.010 ; 80.000 ; 442.698 ;284;2021
Vallo della Lucania;Salerno;8021; 2.987.208 ; 966.040 ; 3.953.248 ;493;2021
Valva;Salerno;1522; 274.508 ; 143.680 ; 418.188 ;275;2021
Vibonati;Salerno;3151; 742.920 ; 734.780 ; 1.477.700 ;469;2021
Vietri sul Mare;Salerno;7278; 1.779.479 ; 2.425.880 ; 4.205.359 ;578;2021
Bellizzi;Salerno;13249; 5.654.040 ; 1.575.220 ; 7.229.260 ;546;2021
Aiello del Sabato;Avellino; 4.000 ; 912.380   ; 463.020 ; 1.375.400 ;344;2022
Altavilla Irpina;Avellino; 3.945 ; 977.798   ; 400.260 ; 1.391.746 ;353;2022
Andretta;Avellino; 1.678 ; 297.345   ; 155.260 ; 452.605 ;270;2022
Aquilonia;Avellino; 1.462 ; 338.995   ; 143.980 ; 482.975 ;330;2022
Ariano Irpino;Avellino; 21.023 ; 3.948.802   ; 3.703.460 ; 7.652.262 ;364;2022
Atripalda;Avellino; 10.367 ; 2.957.295   ; 1.980.840 ; 4.938.135 ;476;2022
Avella;Avellino; 7.516 ; 2.566.426   ; 467.000 ; 3.074.489 ;409;2022
Avellino;Avellino; 52.198 ; 14.508.727   ; 7.418.460 ; 21.927.187 ;420;2022
Bagnoli Irpino;Avellino; 3.027 ; 774.215   ; 464.680 ; 1.238.895 ;409;2022
Baiano;Avellino; 4.443 ; 1.565.273   ; 292.760 ; 1.858.033 ;418;2022
Bisaccia;Avellino; 3.534 ; 970.454   ; 338.370 ; 1.308.824 ;370;2022
Bonito;Avellino; 2.217 ; 349.946   ; 275.350 ; 625.296 ;282;2022
Calitri;Avellino; 4.243 ; 970.491   ; 384.120 ; 1.354.611 ;319;2022
Candida;Avellino; 1.101 ; 209.409   ; 130.680 ; 340.089 ;309;2022
Capriglia Irpina;Avellino; 2.262 ; 501.629   ; 170.660 ; 672.289 ;297;2022
Carife;Avellino; 1.272 ; 228.599   ; 169.760 ; 398.359 ;313;2022
Casalbore;Avellino; 1.574 ; 308.933   ; 206.720 ; 515.653 ;328;2022
Cassano Irpino;Avellino; 945 ; 171.053   ; 92.180 ; 263.233 ;279;2022
Castel Baronia;Avellino; 1.062 ; 183.474   ; 115.060 ; 298.534 ;281;2022
Castelfranci;Avellino; 1.766 ; 310.067   ; 173.460 ; 483.527 ;274;2022
Castelvetere sul Calore;Avellino; 1.486 ; 268.593   ; 191.180 ; 459.773 ;309;2022
Cervinara;Avellino; 8.680 ; 2.287.560   ; 1.648.560 ; 3.936.120 ;453;2022
Cesinali;Avellino; 2.552 ; 636.295   ; 242.740 ; 879.035 ;344;2022
Chiusano di San Domenico;Avellino; 2.089 ; 525.890   ; 194.560 ; 720.450 ;345;2022
Contrada;Avellino; 2.950 ; 599.395   ; 414.460 ; 1.013.855 ;344;2022
Conza della Campania;Avellino; 1.270 ; 225.200   ; 217.370 ; 442.570 ;348;2022
Domicella;Avellino; 1.849 ; 677.885   ; 60 ; 677.945 ;367;2022
Flumeri;Avellino; 2.506 ; 457.751   ; 495.136 ; 952.887 ;380;2022
Fontanarosa;Avellino; 2.870 ; 624.281   ; 333.110 ; 957.391 ;334;2022
Forino;Avellino; 5.179 ; 1.476.705   ; 840.720 ; 2.317.425 ;447;2022
Frigento;Avellino; 3.462 ; 551.716   ; 325.870 ; 1.184.734 ;342;2022
Gesualdo;Avellino; 3.234 ; 678.219   ; 359.720 ; 1.037.939 ;321;2022
Grottaminarda;Avellino; 7.711 ; 1.940.110   ; 1.467.270 ; 3.407.380 ;442;2022
Guardia Lombardi;Avellino; 1.515 ; 265.290   ; 127.630 ; 392.920 ;259;2022
Lacedonia;Avellino; 2.048 ; 343.245   ; 427.520 ; 770.765 ;376;2022
Lapio;Avellino; 1.428 ; 290.154   ; 131.060 ; 444.483 ;311;2022
Lauro;Avellino; 3.340 ; 863.108   ; 500.450 ; 1.380.257 ;413;2022
Lioni;Avellino; 5.934 ; 1.408.535   ; 730.450 ; 2.138.985 ;360;2022
Luogosano;Avellino; 1.082 ; 306.070   ; 116.580 ; 422.650 ;391;2022
Manocalzati;Avellino; 3.019 ; 926.792   ; 263.860 ; 1.190.652 ;394;2022
Marzano di Nola;Avellino; 1.639 ; 598.973   ; 118.940 ; 717.913 ;438;2022
Melito Irpino;Avellino; 1.789 ; 343.475   ; 201.920 ; 545.395 ;305;2022
Mercogliano;Avellino; 11.492 ; 2.589.835   ; 2.223.200 ; 4.821.521 ;420;2022
Montecalvo Irpino;Avellino; 3.324 ; 499.605   ; 414.520 ; 914.125 ;275;2022
Monteforte Irpino;Avellino; 11.229 ; 2.833.087   ; 1.263.880 ; 4.096.967 ;365;2022
Montefredane;Avellino; 2.108 ; 448.851   ; 330.460 ; 779.311 ;370;2022
Montefusco;Avellino; 1.192 ; 304.455   ; 42.940 ; 347.395 ;291;2022
Montella;Avellino; 7.291 ; 2.160.316   ; 1.126.600 ; 3.286.916 ;451;2022
Montemarano;Avellino; 2.610 ; 446.340   ; 393.760 ; 867.475 ;332;2022
Montemiletto;Avellino; 5.070 ; 855.196   ; 771.220 ; 1.637.366 ;323;2022
Monteverde;Avellino; 695 ; 147.750   ; 65.520 ; 213.270 ;307;2022
Morra De Sanctis;Avellino; 1.124 ; 169.450   ; 250.240 ; 419.690 ;373;2022
Nusco;Avellino; 3.899 ; 547.136   ; 551.220 ; 1.098.356 ;282;2022
Ospedaletto d'Alpinolo;Avellino; 2.024 ; 567.808   ; 241.260 ; 809.068 ;400;2022
Pago del Vallo di Lauro;Avellino; 1.710 ; 336.250   ; 255.920 ; 592.170 ;346;2022
Parolise;Avellino; 637 ; 153.112   ; 90.000 ; 245.850 ;386;2022
Paternopoli;Avellino; 2.143 ; 452.906   ; 232.180 ; 685.086 ;320;2022
Petruro Irpino;Avellino; 302 ; 25.110   ; 41.380 ; 66.490 ;220;2022
Pietradefusi;Avellino; 1.916 ; 363.458   ; 325.620 ; 689.078 ;360;2022
Pietrastornina;Avellino; 1.449 ; 330.351   ; 172.740 ; 503.091 ;347;2022
Prata di Principato Ultra;Avellino; 2.696 ; 585.824   ; 401.400 ; 987.224 ;366;2022
Pratola Serra;Avellino; 3.592 ; 820.208   ; 240.010 ; 1.060.218 ;295;2022
Quadrelle;Avellino; 1.829 ; 426.861   ; 165.760 ; 592.621 ;324;2022
Quindici;Avellino; 1.790 ; 285.060   ; 415.200 ; 700.260 ;391;2022
Roccabascerana;Avellino; 2.308 ; 563.165   ; 216.140 ; 790.255 ;342;2022
Rocca San Felice;Avellino; 781 ; 146.305   ; 57.740 ; 204.045 ;261;2022
Salza Irpina;Avellino; 720 ; 161.480   ; 71.540 ; 233.020 ;324;2022
San Mango sul Calore;Avellino; 1.093 ; 229.208   ; 91.070 ; 320.278 ;293;2022
San Martino Valle Caudina;Avellino; 4.764 ; 1.408.075   ; 408.050 ; 1.816.125 ;381;2022
San Michele di Serino;Avellino; 2.414 ; 495.935   ; 404.760 ; 900.695 ;373;2022
San Potito Ultra;Avellino; 1.477 ; 375.713   ; 172.000 ; 553.736 ;375;2022
San Sossio Baronia;Avellino; 1.490 ; 243.684   ; 180.060 ; 423.744 ;284;2022
Sant'Andrea di Conza;Avellino; 1.406 ; 373.235   ; 51.880 ; 442.088 ;314;2022
Sant'Angelo all'Esca;Avellino; 730 ; 181.375   ; 89.240 ; 270.615 ;371;2022
Sant'Angelo dei Lombardi;Avellino; 3.832 ; 581.220   ; 784.830 ; 1.366.050 ;356;2022
Santa Paolina;Avellino; 1.157 ; 240.853   ; 117.100 ; 357.953 ;309;2022
Santo Stefano del Sole;Avellino; 2.055 ; 449.660   ; 262.680 ; 712.340 ;347;2022
Savignano Irpino;Avellino; 1.004 ; 122.632   ; 92.817 ; 215.449 ;215;2022
Scampitella;Avellino; 1.036 ; 223.955   ; 111.440 ; 335.395 ;324;2022
Solofra;Avellino; 12.053 ; 2.574.375   ; 1.726.020 ; 4.325.033 ;359;2022
Sorbo Serpico;Avellino; 530 ; 135.378   ; 37.980 ; 173.358 ;327;2022
Sperone;Avellino; 3.625 ; 1.265.794   ; 201.940 ; 1.467.734 ;405;2022
Sturno;Avellino; 2.752 ; 575.640   ; 238.230 ; 813.870 ;296;2022
Summonte;Avellino; 1.518 ; 313.707   ; 183.260 ; 496.967 ;327;2022
Taurano;Avellino; 1.487 ; 375.860   ; 96.860 ; 472.720 ;318;2022
Taurasi;Avellino; 2.161 ; 493.639   ; 233.020 ; 726.659 ;336;2022
Teora;Avellino; 1.447 ; 284.165   ; 173.530 ; 457.695 ;316;2022
Torella dei Lombardi;Avellino; 1.952 ; 250.420   ; 215.980 ; 466.400 ;239;2022
Trevico;Avellino; 842 ; 144.480   ; 108.440 ; 252.920 ;300;2022
Vallesaccarda;Avellino; 1.241 ; 298.099   ; 129.780 ; 427.879 ;345;2022
Venticano;Avellino; 2.274 ; 474.054   ; 346.320 ; 840.084 ;369;2022
Villamaina;Avellino; 911 ; 141.775   ; 119.780 ; 261.555 ;287;2022
Villanova del Battista;Avellino; 1.472 ; 283.425   ; 150.560 ; 433.985 ;295;2022
Volturara Irpina;Avellino; 2.963 ; 690.288   ; 397.940 ; 1.088.228 ;367;2022
Zungoli;Avellino; 942 ; 182.985   ; 52.680 ; 235.665 ;250;2022
Montoro;Avellino; 19.347 ; 5.047.967   ; 2.274.900 ; 7.322.867 ;379;2022
Airola;Benevento; 8.106 ; 2.374.373   ; 796.600 ; 3.171.521 ;391;2022
Amorosi;Benevento; 2.619 ; 669.990   ; 317.620 ; 1.062.344 ;406;2022
Apice;Benevento; 5.286 ; 1.912.554   ; 315.360 ; 2.227.914 ;421;2022
Apollosa;Benevento; 2.462 ; 456.130   ; 147.720 ; 748.938 ;304;2022
Arpaia;Benevento; 1.989 ; 864.170   ; 229.860 ; 1.094.030 ;550;2022
Arpaise;Benevento; 735 ; 165.550   ; 19.100 ; 184.650 ;251;2022
Baselice;Benevento; 2.094 ; 478.260   ; 99.780 ; 578.040 ;276;2022
Benevento;Benevento; 56.201 ; 16.624.764   ; 8.579.640 ; 25.522.775 ;454;2022
Bonea;Benevento; 1.382 ; 431.060   ; 85.880 ; 516.940 ;374;2022
Bucciano;Benevento; 1.968 ; 643.180   ; 155.920 ; 807.039 ;410;2022
Buonalbergo;Benevento; 1.525 ; 296.737   ; 174.100 ; 470.837 ;309;2022
Campolattaro;Benevento; 971 ; 187.000   ; 59.900 ; 300.281 ;309;2022
Campoli del Monte Taburno;Benevento; 1.531 ; 269.990   ; 115.440 ; 385.430 ;252;2022
Casalduni;Benevento; 1.211 ; 179.440   ; 103.200 ; 537.228 ;444;2022
Castelfranco in Miscano;Benevento; 794 ; 174.790   ; 43.840 ; 218.630 ;275;2022
Castelpagano;Benevento; 1.330 ; 197.100   ; 100.180 ; 410.065 ;308;2022
Castelpoto;Benevento; 1.109 ; 166.970   ; 98.820 ; 265.790 ;240;2022
Castelvenere;Benevento; 2.405 ; 596.482   ; 159.100 ; 818.545 ;340;2022
Castelvetere in Val Fortore;Benevento; 986 ; 135.150   ; 60.870 ; 196.020 ;199;2022
Cautano;Benevento; 1.928 ; 498.448   ; 48.400 ; 546.848 ;284;2022
Cerreto Sannita;Benevento; 3.607 ; 1.002.080   ; 313.160 ; 1.315.240 ;365;2022
Circello;Benevento; 2.174 ; 490.933   ; 117.800 ; 608.733 ;280;2022
Colle Sannita;Benevento; 2.167 ; 540.219   ; 240.820 ; 904.227 ;417;2022
Cusano Mutri;Benevento; 3.763 ; 651.581   ; 142.300 ; 1.035.055 ;275;2022
Dugenta;Benevento; 2.639 ; 731.830   ; 194.240 ; 926.070 ;351;2022
Durazzano;Benevento; 2.102 ; 1.023.490   ; 103.580 ; 1.127.070 ;536;2022
Faicchio;Benevento; 3.347 ; 724.560   ; 180.840 ; 905.400 ;271;2022
Foglianise;Benevento; 3.120 ; 837.572   ; 354.740 ; 1.192.312 ;382;2022
Foiano di Val Fortore;Benevento; 1.320 ; 245.686   ; 104.920 ; 350.606 ;266;2022
Forchia;Benevento; 1.217 ; 688.791   ; 57.660 ; 746.451 ;613;2022
Fragneto l'Abate;Benevento; 959 ; 207.713   ; 62.620 ; 311.396 ;325;2022
Fragneto Monforte;Benevento; 1.668 ; 298.230   ; 157.060 ; 538.784 ;323;2022
Ginestra degli Schiavoni;Benevento; 402 ; 85.450   ; 14.630 ; 100.080 ;249;2022
Guardia Sanframondi;Benevento; 4.558 ; 1.161.994   ; 250.580 ; 1.438.580 ;316;2022
Moiano;Benevento; 4.013 ; 1.030.803   ; 243.380 ; 1.279.658 ;319;2022
Molinara;Benevento; 1.453 ; 354.078   ; 132.400 ; 486.478 ;335;2022
Montesarchio;Benevento; 12.959 ; 3.958.551   ; 685.380 ; 4.652.144 ;359;2022
Morcone;Benevento; 4.515 ; 799.604   ; 255.640 ; 1.055.244 ;234;2022
Paduli;Benevento; 3.602 ; 669.455   ; 173.800 ; 843.255 ;234;2022
Pago Veiano;Benevento; 2.269 ; 557.327   ; 171.300 ; 749.158 ;330;2022
Paolisi;Benevento; 1.965 ; 778.185   ; 288.220 ; 1.066.405 ;543;2022
Pesco Sannita;Benevento; 1.840 ; 375.700   ; 201.420 ; 590.808 ;321;2022
Pietraroja;Benevento; 507 ; 102.505   ; 25.120 ; 127.625 ;252;2022
Pietrelcina;Benevento; 2.878 ; 780.230   ; 252.800 ; 1.059.310 ;368;2022
Pontelandolfo;Benevento; 2.014 ; 444.010   ; 170.860 ; 620.893 ;308;2022
Puglianello;Benevento; 1.304 ; 396.220   ; 190.300 ; 586.520 ;450;2022
Reino;Benevento; 1.103 ; 111.263   ; 77.540 ; 188.803 ;171;2022
San Bartolomeo in Galdo;Benevento; 4.362 ; 1.018.570   ; 349.620 ; 1.389.543 ;319;2022
San Giorgio del Sannio;Benevento; 9.727 ; 2.247.170   ; 1.003.580 ; 3.250.750 ;334;2022
San Giorgio La Molara;Benevento; 2.779 ; 408.980   ; 97.080 ; 506.060 ;182;2022
San Leucio del Sannio;Benevento; 2.934 ; 615.180   ; 182.660 ; 800.578 ;273;2022
San Lorenzello;Benevento; 2.101 ; 481.714   ; 251.580 ; 733.294 ;349;2022
San Lupo;Benevento; 713 ; 150.285   ; 88.140 ; 238.425 ;334;2022
San Martino Sannita;Benevento; 1.180 ; 291.470   ; 117.490 ; 439.346 ;372;2022
San Nazzaro;Benevento; 840 ; 166.850   ; 75.955 ; 270.180 ;322;2022
San Nicola Manfredi;Benevento; 3.482 ; 869.195   ; 292.795 ; 1.218.930 ;350;2022
San Salvatore Telesino;Benevento; 3.854 ; 1.352.929   ; 464.240 ; 1.874.657 ;486;2022
Santa Croce del Sannio;Benevento; 869 ; 225.282   ; 106.600 ; 351.045 ;404;2022
Sant'Agata de' Goti;Benevento; 10.282 ; 2.129.708   ; 1.309.020 ; 3.645.957 ;355;2022
Sant'Angelo a Cupolo;Benevento; 4.068 ; 858.950   ; 250.380 ; 1.127.671 ;277;2022
Sassinoro;Benevento; 647 ; 122.160   ; 42.000 ; 185.239 ;286;2022
Solopaca;Benevento; 3.447 ; 883.930   ; 392.840 ; 1.276.770 ;370;2022
Telese Terme;Benevento; 7.613 ; 2.670.549   ; 1.224.240 ; 3.946.254 ;518;2022
Tocco Caudio;Benevento; 1.435 ; 279.990   ; 96.640 ; 376.630 ;262;2022
Torrecuso;Benevento; 3.237 ; 644.320   ; 327.780 ; 1.026.850 ;317;2022
Vitulano;Benevento; 2.732 ; 670.200   ; 206.900 ; 915.151 ;335;2022
Rotondi;Benevento; 3.364 ; 1.077.157   ; 379.440 ; 1.456.597 ;433;2022
Ailano;Caserta; 1.198 ; 252.720   ; 98.760 ; 351.480 ;293;2022
Alife;Caserta; 7.376 ; 1.349.398   ; 1.242.250 ; 2.591.648 ;351;2022
Alvignano;Caserta; 4.507 ; 834.140   ; 581.420 ; 1.591.034 ;353;2022
Arienzo;Caserta; 5.307 ; 1.626.148   ; 346.280 ; 1.972.428 ;372;2022
Aversa;Caserta; 49.612 ; 12.078.988   ; 13.924.560 ; 26.018.604 ;524;2022
Caianello;Caserta; 1.752 ; 506.130   ; 351.000 ; 915.986 ;523;2022
Caiazzo;Caserta; 5.205 ; 1.299.463   ; 348.021 ; 1.647.484 ;317;2022
Camigliano;Caserta; 1.993 ; 427.479   ; 274.700 ; 702.179 ;352;2022
Capodrise;Caserta; 10.007 ; 3.214.555   ; 1.108.100 ; 4.325.940 ;432;2022
Capriati a Volturno;Caserta; 1.440 ; 263.465   ; 141.080 ; 404.545 ;281;2022
Capua;Caserta; 17.609 ; 4.182.950   ; 4.738.340 ; 8.932.240 ;507;2022
Carinaro;Caserta; 7.094 ; 2.301.497   ; 1.379.440 ; 3.680.937 ;519;2022
Casaluce;Caserta; 9.587 ; 2.406.627   ; 1.712.280 ; 4.118.907 ;430;2022
Casapulla;Caserta; 8.253 ; 2.124.339   ; 1.152.680 ; 3.277.019 ;397;2022
Caserta;Caserta; 72.805 ; 20.094.421   ; 17.127.542 ; 37.399.901 ;514;2022
Castel Campagnano;Caserta; 1.458 ; 457.285   ; 217.040 ; 674.325 ;463;2022
Castel di Sasso;Caserta; 1.051 ; 97.720   ; 121.880 ; 348.536 ;332;2022
Castel Volturno;Caserta; 28.436 ; 6.734.758   ; 15.685.020 ; 22.419.778 ;788;2022
Cervino;Caserta; 4.740 ; 1.520.944   ; 321.380 ; 1.842.324 ;389;2022
Cesa;Caserta; 9.571 ; 2.236.950   ; 1.398.260 ; 3.636.305 ;380;2022
Ciorlano;Caserta; 370 ; 22.960   ; 103.860 ; 126.820 ;343;2022
Conca della Campania;Caserta; 1.154 ; 305.290   ; 77.460 ; 382.750 ;332;2022
Curti;Caserta; 6.694 ; 1.801.159   ; 1.520.160 ; 3.321.319 ;496;2022
Dragoni;Caserta; 1.973 ; 406.890   ; 356.060 ; 762.950 ;387;2022
Formicola;Caserta; 1.367 ; 307.130   ; 278.360 ; 589.870 ;432;2022
Francolise;Caserta; 4.640 ; 1.184.969   ; 949.000 ; 2.133.969 ;460;2022
Frignano;Caserta; 8.944 ; 1.452.470   ; 2.819.720 ; 4.272.190 ;478;2022
Gallo Matese;Caserta; 479 ; 39.032   ; 88.900 ; 127.932 ;267;2022
Galluccio;Caserta; 2.036 ; 605.085   ; 159.400 ; 783.648 ;385;2022
Grazzanise;Caserta; 6.723 ; 2.175.290   ; 959.720 ; 3.135.010 ;466;2022
Gricignano di Aversa;Caserta; 12.690 ; 2.409.966   ; 3.999.700 ; 6.409.666 ;505;2022
Letino;Caserta; 631 ; 143.912   ; 36.340 ; 180.252 ;286;2022
Liberi;Caserta; 1.083 ; 197.535   ; 135.600 ; 333.135 ;308;2022
Lusciano;Caserta; 16.040 ; 4.592.900   ; 2.290.780 ; 6.883.680 ;429;2022
Macerata Campania;Caserta; 10.057 ; 2.275.028   ; 1.817.480 ; 4.092.508 ;407;2022
Maddaloni;Caserta; 36.834 ; 4.947.975   ; 12.599.160 ; 17.562.465 ;477;2022
Marcianise;Caserta; 38.335 ; 19.108.685   ; 3.157.180 ; 22.265.865 ;581;2022
Marzano Appio;Caserta; 1.974 ; 343.160   ; 368.200 ; 711.360 ;360;2022
Mignano Monte Lungo;Caserta; 3.004 ; 768.670   ; 137.900 ; 966.795 ;322;2022
Mondragone;Caserta; 28.622 ; 6.672.260   ; 8.352.120 ; 15.024.380 ;525;2022
Orta di Atella;Caserta; 27.203 ; 3.438.656   ; 5.908.400 ; 9.347.056 ;344;2022
Parete;Caserta; 12.354 ; 3.759.878   ; 1.537.520 ; 5.297.398 ;429;2022
Pastorano;Caserta; 2.884 ; 1.191.475   ; 620.020 ; 1.811.495 ;628;2022
Piana di Monte Verna;Caserta; 2.066 ; 440.850   ; 279.400 ; 769.525 ;372;2022
Pietramelara;Caserta; 4.495 ; 1.293.145   ; 539.450 ; 1.832.595 ;408;2022
Pietravairano;Caserta; 2.830 ; 563.493   ; 318.740 ; 882.233 ;312;2022
Pignataro Maggiore;Caserta; 5.733 ; 1.510.230   ; 979.400 ; 2.489.630 ;434;2022
Pontelatone;Caserta; 1.525 ; 388.666   ; 289.780 ; 678.446 ;445;2022
Portico di Caserta;Caserta; 7.732 ; 1.445.109   ; 1.782.320 ; 3.227.429 ;417;2022
Prata Sannita;Caserta; 1.362 ; 288.805   ; 64.580 ; 380.760 ;280;2022
Pratella;Caserta; 1.408 ; 123.353   ; 384.340 ; 507.693 ;361;2022
Recale;Caserta; 7.618 ; 2.116.268   ; 774.740 ; 2.891.008 ;379;2022
Riardo;Caserta; 2.238 ; 666.990   ; 298.560 ; 965.550 ;431;2022
Rocca d'Evandro;Caserta; 3.023 ; 703.135   ; 224.420 ; 927.555 ;307;2022
Roccamonfina;Caserta; 3.174 ; 887.855   ; 418.910 ; 1.306.765 ;412;2022
Roccaromana;Caserta; 819 ; 146.418   ; 144.340 ; 290.758 ;355;2022
Rocchetta e Croce;Caserta; 447 ; 71.855   ; 33.730 ; 138.435 ;310;2022
Ruviano;Caserta; 1.705 ; 271.186   ; 194.820 ; 714.845 ;419;2022
San Cipriano d'Aversa;Caserta; 13.136 ; 4.249.130   ; 1.709.340 ; 5.958.470 ;454;2022
San Felice a Cancello;Caserta; 16.842 ; 4.143.320   ; 2.407.510 ; 6.550.830 ;389;2022
San Gregorio Matese;Caserta; 872 ; 180.695   ; 111.600 ; 292.295 ;335;2022
San Potito Sannitico;Caserta; 1.965 ; 345.097   ; 218.780 ; 563.877 ;287;2022
San Prisco;Caserta; 12.110 ; 2.450.629   ; 2.382.720 ; 4.833.349 ;399;2022
Santa Maria a Vico;Caserta; 14.277 ; 4.553.652   ; 725.420 ; 5.279.072 ;370;2022
Santa Maria Capua Vetere;Caserta; 31.906 ; 7.566.544   ; 7.571.360 ; 15.158.435 ;475;2022
Santa Maria la Fossa;Caserta; 2.565 ; 644.900   ; 429.320 ; 1.074.220 ;419;2022
San Tammaro;Caserta; 5.717 ; 1.372.580   ; 1.188.780 ; 2.561.360 ;448;2022
Sant'Angelo d'Alife;Caserta; 2.065 ; 508.457   ; 153.500 ; 670.170 ;325;2022
Sant'Arpino;Caserta; 14.986 ; 3.219.464   ; 2.479.420 ; 5.698.884 ;380;2022
Sessa Aurunca;Caserta; 20.209 ; 4.672.746   ; 5.561.120 ; 10.233.866 ;506;2022
Sparanise;Caserta; 7.199 ; 2.296.418   ; 634.700 ; 2.931.118 ;407;2022
Vairano Patenora;Caserta; 6.327 ; 2.060.350   ; 889.280 ; 2.965.508 ;469;2022
Valle Agricola;Caserta; 751 ; 149.246   ; 79.340 ; 228.586 ;304;2022
Valle di Maddaloni;Caserta; 2.638 ; 656.780   ; 437.440 ; 1.094.220 ;415;2022
Villa di Briano;Caserta; 7.338 ; 1.997.590   ; 1.685.650 ; 3.683.240 ;502;2022
Villa Literno;Caserta; 12.437 ; 3.153.410   ; 4.325.380 ; 7.478.790 ;601;2022
Vitulazio;Caserta; 7.646 ; 1.749.200   ; 1.417.900 ; 3.167.100 ;414;2022
Falciano del Massico;Caserta; 3.363 ; 897.225   ; 555.720 ; 1.452.945 ;432;2022
Cellole;Caserta; 8.133 ; 3.666.040   ; 3.034.700 ; 6.700.740 ;824;2022
Casapesenna;Caserta; 6.883 ; 1.729.030   ; 2.320.776 ; 4.049.806 ;588;2022
San Marco Evangelista;Caserta; 6.419 ; 2.132.407   ; 1.103.880 ; 3.236.287 ;504;2022
Acerra;NA 1; 58.322 ; 17.815.228   ; 7.261.200 ; 25.076.428 ;430;2022
Afragola;NA 1; 61.712 ; 7.751.830   ; 20.405.120 ; 28.156.950 ;456;2022
Caivano;NA 1; 35.874 ; 6.190.260   ; 12.302.560 ; 18.492.820 ;515;2022
Casalnuovo di Napoli;NA 1; 46.992 ; 10.363.873   ; 10.438.000 ; 20.801.873 ;443;2022
Casoria;NA 1; 74.021 ; 17.237.337   ; 17.647.700 ; 34.885.037 ;471;2022
Crispano;NA 1; 11.724 ; 2.320.950   ; 2.675.050 ; 4.996.000 ;426;2022
Frattaminore;NA 1; 15.354 ; 3.341.516   ; 2.845.586 ; 6.187.102 ;403;2022
Napoli;NA 1; 913.462 ; 209.488.409   ; 308.917.445 ; 518.458.688 ;568;2022
Bacoli;NA 2; 25.230 ; 11.980.782   ; 2.213.220 ; 14.304.050 ;567;2022
Barano d'Ischia;NA 2; 9.971 ; 2.160.540   ; 2.655.740 ; 4.816.280 ;483;2022
Calvizzano;NA 2; 12.391 ; 1.839.280   ; 3.323.040 ; 5.162.320 ;417;2022
Casamicciola Terme;NA 2; 7.614 ; 1.513.660   ; 2.763.160 ; 4.276.820 ;562;2022
Casandrino;NA 2; 13.234 ; 3.357.332   ; 2.280.960 ; 5.638.292 ;426;2022
Casavatore;NA 2; 18.209 ; 3.613.864   ; 4.203.160 ; 7.817.024 ;429;2022
Forio;NA 2; 17.437 ; 6.892.989   ; 5.586.000 ; 12.478.989 ;716;2022
Frattamaggiore;NA 2; 28.492 ; 7.868.204   ; 6.985.270 ; 14.853.474 ;521;2022
Giugliano in Campania;NA 2; 123.679 ; 33.117.616   ; 26.997.250 ; 60.155.929 ;486;2022
Grumo Nevano;NA 2; 17.145 ; 4.399.830   ; 2.954.080 ; 7.353.910 ;429;2022
Ischia;NA 2; 19.598 ; 7.003.789   ; 7.310.760 ; 14.314.549 ;730;2022
Lacco Ameno;NA 2; 4.561 ; 1.280.160   ; 1.822.340 ; 3.102.500 ;680;2022
Marano di Napoli;NA 2; 57.777 ; 9.243.675   ; 14.559.720 ; 23.803.395 ;412;2022
Melito di Napoli;NA 2; 36.269 ; 2.706.180   ; 12.645.140 ; 15.351.320 ;423;2022
Monte di Procida;NA 2; 11.845 ; 4.174.450   ; 1.136.000 ; 5.310.450 ;448;2022
Mugnano di Napoli;NA 2; 34.607 ; 7.719.148   ; 7.006.380 ; 14.725.528 ;426;2022
Pozzuoli;NA 2; 76.331 ; 30.039.092   ; 13.450.920 ; 43.490.012 ;570;2022
Procida;NA 2; 10.092 ; 5.072.109   ; 1.931.020 ; 7.003.129 ;694;2022
Qualiano;NA 2; 24.501 ; 4.672.622   ; 5.421.320 ; 10.093.942 ;412;2022
Quarto;NA 2; 41.228 ; 9.341.253   ; 7.955.740 ; 17.296.993 ;420;2022
Sant'Antimo;NA 2; 32.309 ; 10.205.808   ; 7.111.480 ; 17.317.288 ;536;2022
Serrara Fontana;NA 2; 3.066 ; 642.015   ; 1.217.040 ; 1.859.055 ;606;2022
Agerola;NA 3; 7.711 ; 2.245.210   ; 1.005.840 ; 3.372.048 ;437;2022
Anacapri;NA 3; 6.835 ; 3.055.759   ; 1.157.940 ; 4.339.624 ;635;2022
Boscoreale;NA 3; 25.939 ; 5.843.598   ; 5.364.900 ; 11.208.498 ;432;2022
Boscotrecase;NA 3; 9.795 ; 3.062.876   ; 1.348.900 ; 4.411.776 ;450;2022
Brusciano;NA 3; 15.877 ; 4.097.452   ; 2.498.320 ; 6.595.772 ;415;2022
Camposano;NA 3; 5.048 ; 1.874.183   ; 525.420 ; 2.399.603 ;475;2022
Carbonara di Nola;NA 3; 2.459 ; 652.479   ; 418.740 ; 1.073.957 ;437;2022
Casola di Napoli;NA 3; 3.652 ; 1.024.356   ; 296.940 ; 1.321.296 ;362;2022
Castellammare di Stabia;NA 3; 62.772 ; 15.350.574   ; 16.434.960 ; 31.786.355 ;506;2022
Castello di Cisterna;NA 3; 7.758 ; 3.125.960   ; 937.860 ; 4.070.664 ;525;2022
Cercola;NA 3; 16.954 ; 4.004.830   ; 4.082.840 ; 8.087.670 ;477;2022
Cicciano;NA 3; 12.263 ; 3.630.164   ; 917.000 ; 4.547.164 ;371;2022
Cimitile;NA 3; 6.885 ; 2.706.070   ; 178.940 ; 2.885.010 ;419;2022
Comiziano;NA 3; 1.704 ; 410.230   ; 408.980 ; 819.210 ;481;2022
Gragnano;NA 3; 27.960 ; 7.310.623   ; 4.289.360 ; 11.599.983 ;415;2022
Lettere;NA 3; 6.031 ; 1.647.790   ; 748.480 ; 2.396.270 ;397;2022
Marigliano;NA 3; 29.067 ; 5.815.400   ; 6.935.970 ; 12.851.563 ;442;2022
Massa Lubrense;NA 3; 14.141 ; 5.545.783   ; 1.683.220 ; 7.420.628 ;525;2022
Meta;NA 3; 7.770 ; 2.008.465   ; 1.741.320 ; 3.749.785 ;483;2022
Nola;NA 3; 33.629 ; 10.115.098   ; 5.951.080 ; 16.066.178 ;478;2022
Ottaviano;NA 3; 23.115 ; 9.414.570   ; 785.220 ; 10.199.790 ;441;2022
Palma Campania;NA 3; 16.221 ; 5.566.162   ; 1.521.900 ; 7.088.062 ;437;2022
Piano di Sorrento;NA 3; 12.355 ; 4.201.333   ; 2.187.300 ; 6.429.696 ;520;2022
Pimonte;NA 3; 5.860 ; 1.424.110   ; 642.460 ; 2.066.570 ;353;2022
Poggiomarino;NA 3; 22.216 ; 6.781.104   ; 2.684.440 ; 9.465.544 ;426;2022
Pollena Trocchia;NA 3; 12.750 ; 3.555.457   ; 2.061.180 ; 5.616.637 ;441;2022
Pomigliano d'Arco;NA 3; 39.705 ; 12.419.480   ; 5.974.280 ; 18.393.760 ;463;2022
Pompei;NA 3; 23.910 ; 10.305.153   ; 7.322.180 ; 17.627.333 ;737;2022
Portici;NA 3; 52.054 ; 13.603.468   ; 9.794.440 ; 23.397.908 ;449;2022
Ercolano;NA 3; 50.124 ; 10.192.425   ; 11.423.020 ; 21.615.445 ;431;2022
Roccarainola;NA 3; 6.564 ; 1.454.140   ; 529.180 ; 1.983.320 ;302;2022
San Gennaro Vesuviano;NA 3; 12.003 ; 3.703.358   ; 1.340.960 ; 5.044.318 ;420;2022
San Giorgio a Cremano;NA 3; 42.485 ; 7.513.125   ; 7.260.860 ; 14.773.985 ;348;2022
San Giuseppe Vesuviano;NA 3; 30.120 ; 7.780.221   ; 5.205.116 ; 12.985.337 ;431;2022
San Sebastiano al Vesuvio;NA 3; 8.664 ; 2.621.455   ; 1.697.820 ; 4.319.275 ;499;2022
Sant'Agnello;NA 3; 8.640 ; 3.203.439   ; 1.498.880 ; 4.702.319 ;544;2022
Sant'Anastasia;NA 3; 26.170 ; 9.360.093   ; 3.448.800 ; 12.808.893 ;489;2022
Sant'Antonio Abate;NA 3; 19.065 ; 7.224.717   ; 1.631.120 ; 8.869.525 ;465;2022
San Vitaliano;NA 3; 6.534 ; 2.567.459   ; 645.480 ; 3.212.939 ;492;2022
Saviano;NA 3; 15.810 ; 4.020.960   ; 2.218.600 ; 6.239.560 ;395;2022
Scisciano;NA 3; 6.174 ; 1.523.958   ; 774.600 ; 2.298.558 ;372;2022
Somma Vesuviana;NA 3; 33.697 ; 9.974.485   ; 6.536.320 ; 16.510.805 ;490;2022
Sorrento;NA 3; 15.407 ; 9.809.214   ; 4.365.440 ; 14.262.254 ;926;2022
Striano;NA 3; 8.860 ; 2.998.356   ; 987.360 ; 3.985.716 ;450;2022
Terzigno;NA 3; 17.211 ; 6.766.757   ; 2.230.660 ; 8.997.417 ;523;2022
Torre Annunziata;NA 3; 40.153 ; 9.289.779   ; 7.640.854 ; 16.930.633 ;422;2022
Torre del Greco;NA 3; 80.508 ; 9.001.033   ; 24.652.950 ; 33.718.041 ;419;2022
Tufino;NA 3; 3.384 ; 1.028.590   ; 249.960 ; 1.278.550 ;378;2022
Vico Equense;NA 3; 20.254 ; 7.278.291   ; 2.080.040 ; 9.358.331 ;462;2022
Visciano;NA 3; 4.150 ; 1.290.770   ; 303.020 ; 1.593.790 ;384;2022
Volla;NA 3; 25.531 ; 7.053.905   ; 4.329.420 ; 11.383.325 ;446;2022
Santa Maria la CaritÃ ;NA 3; 11.682 ; 3.852.380   ; 1.412.070 ; 5.264.450 ;451;2022
Trecase;NA 3; 8.533 ; 1.779.950   ; 2.391.820 ; 4.171.770 ;489;2022
Massa di Somma;NA 3; 4.991 ; 1.748.420   ; 247.160 ; 1.995.580 ;400;2022
Caposele;Salerno; 3.245 ; 472.320   ; 502.640 ; 974.960 ;300;2022
Acerno;Salerno; 2.541 ; 780.700   ; 293.060 ; 1.073.760 ;423;2022
Agropoli;Salerno; 21.262 ; 6.146.887   ; 4.678.900 ; 10.825.787 ;509;2022
Albanella;Salerno; 6.227 ; 1.252.032   ; 470.210 ; 1.722.242 ;277;2022
Alfano;Salerno; 953 ; 155.837   ; 71.160 ; 226.997 ;238;2022
Altavilla Silentina;Salerno; 6.939 ; 1.601.835   ; 487.960 ; 2.089.795 ;301;2022
Amalfi;Salerno; 4.729 ; 2.460.800   ; 1.335.300 ; 3.796.100 ;803;2022
Angri;Salerno; 33.972 ; 8.107.830   ; 8.697.712 ; 16.805.542 ;495;2022
Aquara;Salerno; 1.342 ; 275.470   ; 94.960 ; 370.430 ;276;2022
Ascea;Salerno; 5.750 ; 2.348.570   ; 1.146.620 ; 3.552.678 ;618;2022
Auletta;Salerno; 2.124 ; 351.270   ; 175.060 ; 582.723 ;274;2022
Baronissi;Salerno; 16.805 ; 5.828.413   ; 856.660 ; 6.685.073 ;398;2022
Battipaglia;Salerno; 49.415 ; 13.975.748   ; 7.420.000 ; 21.395.748 ;433;2022
Bellosguardo;Salerno; 682 ; 185.080   ; 51.420 ; 236.500 ;347;2022
Bracigliano;Salerno; 5.322 ; 1.242.916   ; 401.240 ; 1.664.687 ;313;2022
Buonabitacolo;Salerno; 2.395 ; 483.980   ; 241.680 ; 725.660 ;303;2022
Caggiano;Salerno; 2.523 ; 335.470   ; 229.460 ; 815.959 ;323;2022
Camerota;Salerno; 6.875 ; 3.615.287   ; 1.111.300 ; 4.726.587 ;688;2022
Campagna;Salerno; 16.668 ; 4.092.970   ; 1.378.060 ; 5.471.030 ;328;2022
Campora;Salerno; 311 ; 42.865   ; 47.060 ; 89.925 ;289;2022
Capaccio;Salerno; 22.182 ; 9.490.040   ; 4.749.028 ; 14.603.156 ;658;2022
Casalbuono;Salerno; 1.042 ; 178.051   ; 53.079 ; 236.605 ;227;2022
Casaletto Spartano;Salerno; 1.275 ; 169.050   ; 145.220 ; 314.270 ;246;2022
Casal Velino;Salerno; 5.333 ; 3.290.479   ; 821.180 ; 4.285.764 ;804;2022
Caselle in Pittari;Salerno; 1.866 ; 351.820   ; 132.080 ; 511.275 ;274;2022
Castelcivita;Salerno; 1.441 ; 422.190   ; 239.904 ; 662.094 ;459;2022
Castellabate;Salerno; 8.677 ; 4.966.709   ; 1.845.680 ; 6.812.389 ;785;2022
Castelnuovo di Conza;Salerno; 548 ; 137.420   ; 46.180 ; 183.600 ;335;2022
Castel San Giorgio;Salerno; 13.688 ; 4.253.107   ; 1.063.700 ; 5.316.807 ;388;2022
Castel San Lorenzo;Salerno; 2.205 ; 467.670   ; 99.180 ; 566.850 ;257;2022
Castiglione del Genovesi;Salerno; 1.308 ; 280.440   ; 120.430 ; 400.870 ;306;2022
Cava de' Tirreni;salerno; 50.539 ; 14.930.100   ; 7.171.000 ; 22.210.600 ;439;2022
Celle di Bulgheria;Salerno; 1.733 ; 389.790   ; 169.020 ; 558.810 ;322;2022
Centola;Salerno; 4.983 ; 1.785.303   ; 992.000 ; 2.777.303 ;557;2022
Ceraso;Salerno; 2.253 ; 477.563   ; 128.900 ; 623.983 ;277;2022
Cetara;Salerno; 1.967 ; 836.990   ; 195.950 ; 1.032.940 ;525;2022
Cicerale;Salerno; 1.185 ; 289.290   ; 112.560 ; 401.850 ;339;2022
Colliano;Salerno; 3.441 ; 645.020   ; 379.040 ; 1.024.060 ;298;2022
Controne;Salerno; 773 ; 147.607   ; 19.960 ; 167.567 ;217;2022
Contursi Terme;Salerno; 3.207 ; 644.210   ; 408.210 ; 1.052.420 ;328;2022
Corbara;Salerno; 2.507 ; 741.460   ; 332.100 ; 1.087.248 ;434;2022
Corleto Monforte;Salerno; 507 ; 136.610   ; 32.840 ; 169.450 ;334;2022
Cuccaro Vetere;Salerno; 530 ; 44.440   ; 43.960 ; 142.329 ;269;2022
Eboli;Salerno; 37.340 ; 10.595.185   ; 5.026.120 ; 15.621.305 ;418;2022
Felitto;Salerno; 1.144 ; 268.195   ; 25.360 ; 293.555 ;257;2022
Fisciano;Salerno; 14.053 ; 6.078.859   ; 1.297.180 ; 7.376.039 ;525;2022
Futani;Salerno; 1.091 ; 171.070   ; 88.880 ; 287.325 ;263;2022
Giffoni Sei Casali;Salerno; 4.967 ; 1.305.193   ; 300.340 ; 1.605.533 ;323;2022
Giungano;Salerno; 1.281 ; 289.144   ; 62.090 ; 351.234 ;274;2022
Ispani;Salerno; 970 ; 218.160   ; 189.540 ; 407.700 ;420;2022
Laureana Cilento;Salerno; 1.195 ; 229.752   ; 139.500 ; 369.252 ;309;2022
Laurino;Salerno; 1.273 ; 225.020   ; 102.660 ; 327.680 ;257;2022
Laurito;Salerno; 696 ; 168.140   ; 83.260 ; 292.463 ;420;2022
Laviano;Salerno; 1.326 ; 339.076   ; 130.320 ; 469.396 ;354;2022
Maiori;Salerno; 5.359 ; 2.026.974   ; 1.155.615 ; 3.182.589 ;594;2022
Mercato San Severino;Salerno; 21.634 ; 6.699.698   ; 2.448.780 ; 9.148.478 ;423;2022
Minori;Salerno; 2.578 ; 1.048.529   ; 390.360 ; 1.438.889 ;558;2022
Moio della Civitella;Salerno; 1.805 ; 405.366   ; 106.680 ; 512.046 ;284;2022
Montano Antilia;Salerno; 1.679 ; 230.320   ; 75.760 ; 319.768 ;190;2022
Montecorice;Salerno; 2.541 ; 1.158.672   ; 404.140 ; 1.562.812 ;615;2022
Montecorvino Pugliano;Salerno; 11.086 ; 3.231.119   ; 1.066.160 ; 4.297.279 ;388;2022
Montecorvino Rovella;Salerno; 12.202 ; 3.037.690   ; 1.095.240 ; 4.132.930 ;339;2022
Monteforte Cilento;Salerno; 539 ; 86.840   ; 27.780 ; 114.620 ;213;2022
Monte San Giacomo;Salerno; 1.414 ; 300.900   ; 102.720 ; 403.620 ;285;2022
Montesano sulla Marcellana;Salerno; 6.206 ; 1.002.012   ; 497.330 ; 1.522.611 ;245;2022
Morigerati;Salerno; 608 ; 199.439   ; 31.960 ; 231.399 ;381;2022
Nocera Inferiore;Salerno; 44.037 ; 9.882.635   ; 9.320.974 ; 19.203.609 ;436;2022
Nocera Superiore;Salerno; 23.736 ; 6.761.397   ; 1.568.280 ; 8.329.677 ;351;2022
Novi Velia;Salerno; 2.335 ; 409.510   ; 181.500 ; 591.010 ;253;2022
Ogliastro Cilento;Salerno; 2.259 ; 680.617   ; 316.000 ; 1.074.636 ;476;2022
Olevano sul Tusciano;Salerno; 6.536 ; 1.554.910   ; 357.920 ; 1.912.830 ;293;2022
Oliveto Citra;Salerno; 3.623 ; 642.970   ; 596.960 ; 1.239.930 ;342;2022
Omignano;Salerno; 1.647 ; 359.030   ; 185.170 ; 544.200 ;330;2022
Orria;Salerno; 981 ; 212.960   ; 146.280 ; 359.240 ;366;2022
Ottati;Salerno; 606 ; 93.055   ; 26.120 ; 119.175 ;197;2022
Padula;Salerno; 4.903 ; 1.138.363   ; 448.800 ; 1.587.163 ;324;2022
Palomonte;Salerno; 3.715 ; 366.900   ; 362.340 ; 729.240 ;196;2022
Pellezzano;Salerno; 10.920 ; 3.013.170   ; 777.280 ; 3.790.450 ;347;2022
Perdifumo;Salerno; 1.765 ; 490.458   ; 80.090 ; 570.548 ;323;2022
Perito;Salerno; 816 ; 266.060   ; 68.140 ; 334.200 ;410;2022
Pertosa;Salerno; 656 ; 108.400   ; 62.380 ; 170.780 ;260;2022
Piaggine;Salerno; 1.154 ; 281.920   ; 45.820 ; 368.803 ;320;2022
Polla;Salerno; 5.102 ; 1.374.778   ; 575.500 ; 1.950.278 ;382;2022
Pontecagnano Faiano;Salerno; 26.078 ; 10.033.670   ; 3.112.730 ; 13.146.400 ;504;2022
Positano;Salerno; 3.747 ; 2.488.899   ; 2.045.280 ; 4.534.179 ;1210;2022
Postiglione;Salerno; 2.000 ; 300.430   ; 312.390 ; 612.820 ;306;2022
Praiano;Salerno; 1.982 ; 797.244   ; 374.993 ; 1.228.629 ;620;2022
Prignano Cilento;Salerno; 1.103 ; 188.262   ; 118.000 ; 306.262 ;278;2022
Ravello;Salerno; 2.390 ; 1.255.240   ; 616.440 ; 1.871.680 ;783;2022
Ricigliano;Salerno; 1.054 ; 209.775   ; 58.580 ; 323.105 ;307;2022
Roccadaspide;Salerno; 6.932 ; 1.504.800   ; 400.080 ; 1.904.880 ;275;2022
Roccagloriosa;Salerno; 1.555 ; 350.220   ; 141.420 ; 502.590 ;323;2022
Roccapiemonte;Salerno; 8.706 ; 2.057.664   ; 805.070 ; 2.862.734 ;329;2022
Rofrano;Salerno; 1.276 ; 285.500   ; 99.960 ; 385.460 ;302;2022
Roscigno;Salerno; 625 ; 153.326   ; 32.020 ; 204.509 ;327;2022
Rutino;Salerno; 768 ; 238.988   ; 83.830 ; 322.818 ;420;2022
Sacco;Salerno; 439 ; 97.270   ; 36.080 ; 147.038 ;335;2022
Salento;Salerno; 1.770 ; 304.616   ; 118.100 ; 422.716 ;239;2022
Salerno;Salerno; 127.186 ; 37.802.880   ; 20.423.720 ; 58.227.695 ;458;2022
Salvitelle;Salerno; 484 ; 50.210   ; 74.900 ; 125.110 ;258;2022
San Cipriano Picentino;Salerno; 6.529 ; 1.772.855   ; 899.020 ; 2.671.875 ;409;2022
San Giovanni a Piro;Salerno; 3.599 ; 1.231.056   ; 437.260 ; 1.668.316 ;464;2022
San Gregorio Magno;Salerno; 3.954 ; 756.530   ; 83.720 ; 977.125 ;247;2022
San Mango Piemonte;Salerno; 2.598 ; 645.007   ; 275.800 ; 920.807 ;354;2022
San Marzano sul Sarno;Salerno; 10.244 ; 3.161.064   ; 1.092.180 ; 4.256.255 ;415;2022
San Mauro la Bruca;Salerno; 543 ; 58.502   ; 43.600 ; 155.757 ;287;2022
San Rufo;Salerno; 1.608 ; 241.458   ; 114.420 ; 355.878 ;221;2022
Santa Marina;Salerno; 3.228 ; 789.520   ; 554.180 ; 1.343.700 ;416;2022
Sant'Angelo a Fasanella;Salerno; 500 ; 100.110   ; 41.980 ; 142.090 ;284;2022
Sant'Arsenio;Salerno; 2.655 ; 666.130   ; 238.100 ; 904.230 ;341;2022
Sant'Egidio del Monte Albino;Salerno; 8.785 ; 3.025.630   ; 1.666.920 ; 4.698.025 ;535;2022
Santomenna;Salerno; 401 ; 75.910   ; 34.320 ; 110.230 ;275;2022
Sanza;Salerno; 2.376 ; 325.097   ; 100.760 ; 425.857 ;179;2022
Sarno;Salerno; 30.559 ; 10.833.022   ; 2.784.520 ; 13.617.542 ;446;2022
Scafati;Salerno; 48.045 ; 11.661.877   ; 7.901.940 ; 19.563.817 ;407;2022
Scala;Salerno; 1.496 ; 441.735   ; 155.420 ; 610.843 ;408;2022
Serramezzana;Salerno; 269 ; 33.442   ; 16.960 ; 50.402 ;187;2022
Sessa Cilento;Salerno; 1.159 ; 239.920   ; 80.700 ; 320.620 ;277;2022
Siano;Salerno; 9.407 ; 2.166.820   ; 1.716.560 ; 3.883.380 ;413;2022
Sicignano degli Alburni;Salerno; 3.053 ; 822.280   ; 138.460 ; 960.740 ;315;2022
Stella Cilento;Salerno; 682 ; 194.678   ; 47.740 ; 242.418 ;355;2022
Stio;Salerno; 774 ; 140.830   ; 108.460 ; 249.290 ;322;2022
Teggiano;Salerno; 7.056 ; 1.178.422   ; 800.580 ; 2.047.440 ;290;2022
Torchiara;Salerno; 1.835 ; 651.359   ; 124.020 ; 775.379 ;423;2022
Torre Orsaia;Salerno; 1.985 ; 413.398   ; 184.650 ; 598.048 ;301;2022
Tortorella;Salerno; 482 ; 83.280   ; 22.720 ; 106.000 ;220;2022
Tramonti;Salerno; 4.135 ; 1.002.356   ; 325.800 ; 1.631.745 ;395;2022
Trentinara;Salerno; 1.581 ; 354.869   ; 202.185 ; 570.742 ;361;2022
Vallo della Lucania;Salerno; 7.992 ; 2.808.160   ; 1.003.260 ; 3.811.420 ;477;2022
Valva;Salerno; 1.537 ; 277.245   ; 152.980 ; 430.225 ;280;2022
Vibonati;Salerno; 3.204 ; 856.500   ; 534.420 ; 1.390.920 ;434;2022
Vietri sul Mare;Salerno; 7.180 ; 1.947.743   ; 1.858.289 ; 3.806.032 ;530;2022
Bellizzi;Salerno; 13.229 ; 5.155.930   ; 1.301.780 ; 6.457.710 ;488;2022
Aiello del Sabato;Avellino; 3.986 ; 829.989 ; 411.460 ; 1.241.449 ; 208 ;2023
Altavilla Irpina;Avellino; 3.875 ; 1.001.480 ; 426.400 ; 1.447.735 ; 258 ;2023
Andretta;Avellino; 1.666 ; 302.208 ; 154.080 ; 456.288 ; 181 ;2023
Aquilonia;Avellino; 1.443 ; 274.188 ; 150.640 ; 424.828 ; 190 ;2023
Ariano Irpino;Avellino; 20.890 ; 3.901.190 ; 3.522.360 ; 7.423.550 ; 187 ;2023
Atripalda;Avellino; 10.331 ; 2.856.808 ; 1.977.230 ; 4.834.038 ; 277 ;2023
Avella;Avellino; 7.492 ; 2.588.730 ; 448.080 ; 3.036.810 ; 346 ;2023
Avellino;Avellino; 52.161 ; 13.779.985 ; 7.984.300 ; 21.764.285 ; 264 ;2023
Bagnoli Irpino;Avellino; 3.019 ; 708.316 ; 471.990 ; 1.180.306 ; 235 ;2023
Baiano;Avellino; 4.398 ; 1.504.069 ; 260.240 ; 1.764.309 ; 342 ;2023
Bisaccia;Avellino; 3.536 ; 877.060 ; 345.260 ; 1.222.320 ; 248 ;2023
Bonito;Avellino; 2.212 ; 328.946 ; 281.820 ; 610.766 ; 149 ;2023
Calitri;Avellino; 4.183 ; 906.658 ; 404.260 ; 1.310.918 ; 217 ;2023
Candida;Avellino; 1.103 ; 204.503 ; 134.980 ; 339.483 ; 185 ;2023
Capriglia Irpina;Avellino; 2.215 ; 467.856 ; 166.460 ; 634.316 ; 211 ;2023
Carife;Avellino; 1.261 ; 219.995 ; 162.000 ; 381.995 ; 174 ;2023
Casalbore;Avellino; 1.552 ; 297.602 ; 209.820 ; 507.422 ; 192 ;2023
Cassano Irpino;Avellino; 957 ; 170.210 ; 101.660 ; 271.870 ; 178 ;2023
Castel Baronia;Avellino; 1.051 ; 181.150 ; 101.882 ; 283.032 ; 172 ;2023
Castelfranci;Avellino; 1.740 ; 310.105 ; 183.960 ; 494.065 ; 178 ;2023
Castelvetere sul Calore;Avellino; 1.481 ; 286.969 ; 183.940 ; 470.909 ; 194 ;2023
Cervinara;Avellino; 8.625 ; 2.223.857 ; 1.650.960 ; 3.874.817 ; 258 ;2023
Cesinali;Avellino; 2.554 ; 666.835 ; 261.530 ; 928.365 ; 261 ;2023
Chiusano di San Domenico;Avellino; 2.062 ; 495.720 ; 210.320 ; 706.040 ; 240 ;2023
Contrada;Avellino; 2.917 ; 522.333 ; 445.160 ; 967.493 ; 179 ;2023
Conza della Campania;Avellino; 1.272 ; 244.628 ; 214.290 ; 458.918 ; 192 ;2023
Domicella;Avellino; 1.844 ; 706.360 ; 320 ; 706.680 ; 383 ;2023
Flumeri;Avellino; 2.476 ; 451.204 ; 507.340 ; 958.544 ; 182 ;2023
Fontanarosa;Avellino; 2.873 ; 592.197 ; 330.700 ; 922.897 ; 206 ;2023
Forino;Avellino; 5.125 ; 1.320.238 ; 833.840 ; 2.154.078 ; 258 ;2023
Frigento;Avellino; 3.428 ; 566.865 ; 338.840 ; 1.212.853 ; 165 ;2023
Gesualdo;Avellino; 3.199 ; 624.765 ; 365.040 ; 989.805 ; 195 ;2023
Grottaminarda;Avellino; 7.634 ; 1.870.985 ; 1.488.560 ; 3.359.545 ; 245 ;2023
Guardia Lombardi;Avellino; 1.512 ; 212.310 ; 162.890 ; 375.200 ; 140 ;2023
Lacedonia;Avellino; 2.024 ; 294.430 ; 528.020 ; 822.450 ; 145 ;2023
Lapio;Avellino; 1.437 ; 275.301 ; 130.100 ; 429.217 ; 192 ;2023
Lauro;Avellino; 3.309 ; 736.185 ; 535.320 ; 1.288.204 ; 222 ;2023
Lioni;Avellino; 5.911 ; 1.393.070 ; 759.480 ; 2.152.550 ; 236 ;2023
Luogosano;Avellino; 1.068 ; 290.285 ; 106.580 ; 396.865 ; 272 ;2023
Manocalzati;Avellino; 3.027 ; 958.605 ; 229.800 ; 1.188.405 ; 317 ;2023
Marzano di Nola;Avellino; 1.633 ; 485.081 ; 131.800 ; 616.881 ; 297 ;2023
Melito Irpino;Avellino; 1.780 ; 312.020 ; 197.160 ; 509.180 ; 175 ;2023
Mercogliano;Avellino; 11.600 ; 2.461.180 ; 2.224.640 ; 4.694.306 ; 212 ;2023
Montecalvo Irpino;Avellino; 3.286 ; 556.830 ; 409.060 ; 965.890 ; 169 ;2023
Monteforte Irpino;Avellino; 11.438 ; 2.549.460 ; 1.507.840 ; 4.057.300 ; 223 ;2023
Montefredane;Avellino; 2.127 ; 413.138 ; 342.300 ; 755.438 ; 194 ;2023
Montefusco;Avellino; 1.186 ; 308.370 ; 51.740 ; 360.110 ; 260 ;2023
Montella;Avellino; 7.281 ; 1.624.240 ; 1.081.779 ; 2.706.019 ; 223 ;2023
Montemarano;Avellino; 2.600 ; 419.300 ; 417.080 ; 863.755 ; 161 ;2023
Montemiletto;Avellino; 5.056 ; 773.976 ; 807.340 ; 1.581.316 ; 153 ;2023
Monteverde;Avellino; 695 ; 154.900 ; 64.400 ; 219.300 ; 223 ;2023
Morra De Sanctis;Avellino; 1.114 ; 185.691 ; 287.170 ; 472.861 ; 167 ;2023
Nusco;Avellino; 3.834 ; 527.395 ; 502.460 ; 1.029.855 ; 138 ;2023
Ospedaletto d'Alpinolo;Avellino; 1.996 ; 536.483 ; 244.300 ; 780.783 ; 269 ;2023
Pago del Vallo di Lauro;Avellino; 1.704 ; 294.300 ; 320.940 ; 615.240 ; 173 ;2023
Parolise;Avellino; 627 ; 165.241 ; 84.000 ; 251.979 ; 264 ;2023
Paternopoli;Avellino; 2.105 ; 406.753 ; 230.020 ; 636.773 ; 193 ;2023
Petruro Irpino;Avellino; 298 ; 35.340 ; 39.100 ; 74.440 ; 119 ;2023
Pietradefusi;Avellino; 1.948 ; 348.870 ; 309.340 ; 658.210 ; 179 ;2023
Pietrastornina;Avellino; 1.427 ; 311.846 ; 176.380 ; 488.226 ; 219 ;2023
Prata di Principato Ultra;Avellino; 2.684 ; 561.615 ; 402.540 ; 964.155 ; 209 ;2023
Pratola Serra;Avellino; 3.565 ; 804.502 ; 231.060 ; 1.035.562 ; 226 ;2023
Quadrelle;Avellino; 1.865 ; 401.812 ; 151.740 ; 553.552 ; 215 ;2023
Quindici;Avellino; 1.770 ; 234.358 ; 468.110 ; 702.468 ; 132 ;2023
Roccabascerana;Avellino; 2.346 ; 554.104 ; 186.000 ; 751.054 ; 236 ;2023
Rocca San Felice;Avellino; 771 ; 138.520 ; 51.880 ; 190.400 ; 180 ;2023
Salza Irpina;Avellino; 735 ; 147.540 ; 64.080 ; 211.620 ; 201 ;2023
San Mango sul Calore;Avellino; 1.104 ; 241.183 ; 98.320 ; 339.503 ; 218 ;2023
San Martino Valle Caudina;Avellino; 4.786 ; 1.324.903 ; 446.940 ; 1.771.843 ; 277 ;2023
San Michele di Serino;Avellino; 2.408 ; 480.953 ; 402.400 ; 883.353 ; 200 ;2023
San Potito Ultra;Avellino; 1.467 ; 371.880 ; 182.260 ; 559.889 ; 253 ;2023
San Sossio Baronia;Avellino; 1.486 ; 236.935 ; 183.850 ; 420.785 ; 159 ;2023
Sant'Andrea di Conza;Avellino; 1.414 ; 350.847 ; 50.040 ; 419.870 ; 248 ;2023
Sant'Angelo all'Esca;Avellino; 715 ; 170.630 ; 90.660 ; 261.290 ; 239 ;2023
Sant'Angelo dei Lombardi;Avellino; 3.782 ; 594.015 ; 768.430 ; 1.362.445 ; 157 ;2023
Santa Paolina;Avellino; 1.159 ; 224.261 ; 119.200 ; 343.461 ; 193 ;2023
Santo Stefano del Sole;Avellino; 2.058 ; 461.656 ; 114.880 ; 576.536 ; 224 ;2023
Savignano Irpino;Avellino; 1.023 ; 148.314 ; 144.220 ; 292.534 ; 145 ;2023
Scampitella;Avellino; 1.016 ; 212.480 ; 101.780 ; 314.260 ; 209 ;2023
Solofra;Avellino; 12.035 ; 2.562.755 ; 1.795.060 ; 4.382.453 ; 213 ;2023
Sorbo Serpico;Avellino; 523 ; 132.736 ; 36.980 ; 169.716 ; 254 ;2023
Sperone;Avellino; 3.600 ; 1.283.230 ; 216.400 ; 1.499.630 ; 356 ;2023
Sturno;Avellino; 2.736 ; 629.331 ; 275.420 ; 904.751 ; 230 ;2023
Summonte;Avellino; 1.493 ; 308.133 ; 183.260 ; 491.393 ; 206 ;2023
Taurano;Avellino; 1.466 ; 369.120 ; 91.660 ; 460.780 ; 252 ;2023
Taurasi;Avellino; 2.123 ; 503.440 ; 239.380 ; 742.820 ; 237 ;2023
Teora;Avellino; 1.461 ; 262.775 ; 160.640 ; 423.415 ; 180 ;2023
Torella dei Lombardi;Avellino; 1.953 ; 245.153 ; 216.140 ; 461.293 ; 126 ;2023
Trevico;Avellino; 827 ; 146.075 ; 110.060 ; 256.135 ; 177 ;2023
Vallesaccarda;Avellino; 1.230 ; 299.645 ; 144.740 ; 444.385 ; 244 ;2023
Venticano;Avellino; 2.290 ; 452.100 ; 345.260 ; 816.523 ; 197 ;2023
Villamaina;Avellino; 897 ; 142.330 ; 111.260 ; 253.590 ; 159 ;2023
Villanova del Battista;Avellino; 1.464 ; 270.364 ; 151.480 ; 421.844 ; 185 ;2023
Volturara Irpina;Avellino; 2.912 ; 629.637 ; 413.620 ; 1.043.257 ; 216 ;2023
Zungoli;Avellino; 936 ; 184.114 ; 58.160 ; 242.274 ; 197 ;2023
Montoro;Avellino; 19.389 ; 4.957.320 ; 2.361.480 ; 7.318.800 ; 256 ;2023
Airola;Benevento; 8.076 ; 2.501.661 ; 870.100 ; 3.371.761 ; 418 ;2023
Amorosi;Benevento; 2.646 ; 625.310 ; 340.400 ; 1.040.444 ; 393 ;2023
Apice;Benevento; 5.248 ; 1.904.005 ; 331.980 ; 2.235.985 ; 426 ;2023
Apollosa;Benevento; 2.473 ; 398.070 ; 125.640 ; 668.798 ; 270 ;2023
Arpaia;Benevento; 1.985 ; 842.850 ; 276.680 ; 1.119.530 ; 564 ;2023
Arpaise;Benevento; 731 ; 160.963 ; 39.720 ; 200.683 ; 275 ;2023
Baselice;Benevento; 2.064 ; 500.610 ; 90.420 ; 591.030 ; 286 ;2023
Benevento;Benevento; 56.043 ; 16.165.897 ; 8.908.280 ; 25.392.548 ; 453 ;2023
Bonea;Benevento; 1.372 ; 406.190 ; 95.480 ; 501.670 ; 366 ;2023
Bucciano;Benevento; 1.967 ; 605.960 ; 143.580 ; 757.479 ; 385 ;2023
Buonalbergo;Benevento; 1.507 ; 339.376 ; 108.940 ; 448.316 ; 297 ;2023
Campolattaro;Benevento; 976 ; 253.090 ; 40.460 ; 333.244 ; 341 ;2023
Campoli del Monte Taburno;Benevento; 1.636 ; 235.810 ; 116.180 ; 351.990 ; 215 ;2023
Casalduni;Benevento; 1.178 ; 198.290 ; 85.780 ; 538.658 ; 457 ;2023
Castelfranco in Miscano;Benevento; 773 ; 194.410 ; 45.060 ; 239.470 ; 310 ;2023
Castelpagano;Benevento; 1.328 ; 183.930 ; 104.820 ; 401.535 ; 302 ;2023
Castelpoto;Benevento; 1.147 ; 194.240 ; 107.600 ; 301.840 ; 263 ;2023
Castelvenere;Benevento; 2.389 ; 516.217 ; 140.220 ; 719.400 ; 301 ;2023
Castelvetere in Val Fortore;Benevento; 961 ; 141.033 ; 58.880 ; 199.913 ; 208 ;2023
Cautano;Benevento; 1.897 ; 441.562 ; 54.000 ; 495.562 ; 261 ;2023
Cerreto Sannita;Benevento; 3.585 ; 1.041.119 ; 309.300 ; 1.350.419 ; 377 ;2023
Circello;Benevento; 2.138 ; 493.618 ; 101.760 ; 595.378 ; 278 ;2023
Colle Sannita;Benevento; 2.148 ; 605.109 ; 80.140 ; 685.249 ; 319 ;2023
Cusano Mutri;Benevento; 3.746 ; 634.837 ; 116.880 ; 1.013.422 ; 271 ;2023
Dugenta;Benevento; 2.647 ; 640.940 ; 174.780 ; 815.720 ; 308 ;2023
Durazzano;Benevento; 2.072 ; 755.886 ; 80.490 ; 836.376 ; 404 ;2023
Faicchio;Benevento; 3.277 ; 787.660 ; 203.500 ; 991.160 ; 302 ;2023
Foglianise;Benevento; 3.104 ; 838.490 ; 343.880 ; 1.182.370 ; 381 ;2023
Foiano di Val Fortore;Benevento; 1.322 ; 249.762 ; 90.360 ; 340.122 ; 257 ;2023
Forchia;Benevento; 1.196 ; 416.150 ; 49.840 ; 465.990 ; 390 ;2023
Fragneto l'Abate;Benevento; 938 ; 259.100 ; 42.280 ; 342.443 ; 365 ;2023
Fragneto Monforte;Benevento; 1.667 ; 373.527 ; 150.510 ; 607.531 ; 364 ;2023
Ginestra degli Schiavoni;Benevento; 389 ; 75.930 ; 11.940 ; 87.870 ; 226 ;2023
Guardia Sanframondi;Benevento; 4.503 ; 1.101.690 ; 248.540 ; 1.376.236 ; 306 ;2023
Moiano;Benevento; 4.000 ; 905.420 ; 262.120 ; 1.173.015 ; 293 ;2023
Molinara;Benevento; 1.438 ; 336.169 ; 132.760 ; 468.929 ; 326 ;2023
Montesarchio;Benevento; 12.997 ; 4.101.653 ; 643.300 ; 4.753.166 ; 366 ;2023
Morcone;Benevento; 4.505 ; 775.162 ; 276.580 ; 1.051.742 ; 233 ;2023
Paduli;Benevento; 3.583 ; 666.510 ; 179.836 ; 846.346 ; 236 ;2023
Pago Veiano;Benevento; 2.215 ; 551.424 ; 144.300 ; 716.255 ; 323 ;2023
Paolisi;Benevento; 1.954 ; 936.675 ; 233.480 ; 1.170.155 ; 599 ;2023
Pesco Sannita;Benevento; 1.835 ; 450.181 ; 217.760 ; 681.629 ; 371 ;2023
Pietraroja;Benevento; 494 ; 110.200 ; 24.960 ; 135.160 ; 274 ;2023
Pietrelcina;Benevento; 2.886 ; 770.233 ; 266.100 ; 1.064.529 ; 369 ;2023
Pontelandolfo;Benevento; 2.011 ; 399.679 ; 171.120 ; 576.822 ; 287 ;2023
Puglianello;Benevento; 1.298 ; 375.034 ; 187.580 ; 562.614 ; 433 ;2023
Reino;Benevento; 1.097 ; 261.602 ; 75.240 ; 336.842 ; 307 ;2023
San Bartolomeo in Galdo;Benevento; 4.299 ; 933.667 ; 359.180 ; 1.314.200 ; 306 ;2023
San Giorgio del Sannio;Benevento; 9.673 ; 2.300.299 ; 988.040 ; 3.288.339 ; 340 ;2023
San Giorgio La Molara;Benevento; 2.730 ; 452.228 ; 106.040 ; 558.268 ; 204 ;2023
San Leucio del Sannio;Benevento; 2.889 ; 569.710 ; 184.300 ; 756.748 ; 262 ;2023
San Lorenzello;Benevento; 2.115 ; 515.736 ; 197.860 ; 713.596 ; 337 ;2023
San Lupo;Benevento; 685 ; 224.886 ; 65.020 ; 302.225 ; 441 ;2023
San Martino Sannita;Benevento; 1.143 ; 285.500 ; 121.860 ; 441.305 ; 386 ;2023
San Nazzaro;Benevento; 825 ; 159.625 ; 75.260 ; 262.260 ; 318 ;2023
San Nicola Manfredi;Benevento; 3.458 ; 754.965 ; 319.000 ; 1.148.151 ; 332 ;2023
San Salvatore Telesino;Benevento; 3.865 ; 1.321.493 ; 446.620 ; 1.825.601 ; 472 ;2023
Santa Croce del Sannio;Benevento; 859 ; 170.399 ; 73.580 ; 262.047 ; 305 ;2023
Sant'Agata de' Goti;Benevento; 10.230 ; 2.068.686 ; 1.264.080 ; 3.594.745 ; 351 ;2023
Sant'Angelo a Cupolo;Benevento; 4.024 ; 818.450 ; 225.500 ; 1.060.375 ; 264 ;2023
Sassinoro;Benevento; 634 ; 117.376 ; 55.980 ; 194.435 ; 307 ;2023
Solopaca;Benevento; 3.444 ; 826.030 ; 422.660 ; 1.248.690 ; 363 ;2023
Telese Terme;Benevento; 7.642 ; 2.566.270 ; 1.239.610 ; 3.856.798 ; 505 ;2023
Tocco Caudio;Benevento; 1.477 ; 286.070 ; 105.320 ; 391.390 ; 265 ;2023
Torrecuso;Benevento; 3.214 ; 775.964 ; 246.280 ; 1.044.144 ; 325 ;2023
Vitulano;Benevento; 2.713 ; 622.643 ; 250.760 ; 911.454 ; 336 ;2023
Rotondi;Benevento; 3.413 ; 981.782 ; 400.500 ; 1.382.282 ; 405 ;2023
Ailano;Caserta; 1.142 ; 249.450 ; 121.900 ; 371.350 ; 325 ;2023
Alife;Caserta; 7.360 ; 1.393.964 ; 1.188.618 ; 2.582.582 ; 351 ;2023
Alvignano;Caserta; 4.460 ; 893.057 ; 538.900 ; 1.614.548 ; 362 ;2023
Arienzo;Caserta; 5.379 ; 1.598.462 ; 356.960 ; 1.955.422 ; 364 ;2023
Aversa;Caserta; 49.526 ; 14.103.848 ; 11.900.220 ; 26.019.124 ; 525 ;2023
Caianello;Caserta; 1.762 ; 493.032 ; 484.380 ; 1.037.637 ; 589 ;2023
Caiazzo;Caserta; 5.145 ; 1.311.856 ; 413.820 ; 1.725.676 ; 335 ;2023
Camigliano;Caserta; 1.970 ; 426.274 ; 291.500 ; 717.774 ; 364 ;2023
Capodrise;Caserta; 10.030 ; 3.275.911 ; 1.112.020 ; 4.391.216 ; 438 ;2023
Capriati a Volturno;Caserta; 1.412 ; 227.200 ; 143.200 ; 370.400 ; 262 ;2023
Capua;Caserta; 17.791 ; 4.100.910 ; 4.847.760 ; 8.960.989 ; 504 ;2023
Carinaro;Caserta; 7.092 ; 2.423.744 ; 1.329.560 ; 3.753.304 ; 529 ;2023
Casaluce;Caserta; 9.544 ; 2.404.628 ; 1.690.860 ; 4.095.488 ; 429 ;2023
Casapulla;Caserta; 8.255 ; 2.270.866 ; 1.122.680 ; 3.393.546 ; 411 ;2023
Caserta;Caserta; 72.485 ; 19.647.032 ; 15.810.773 ; 35.634.648 ; 492 ;2023
Castel Campagnano;Caserta; 1.440 ; 455.630 ; 200.720 ; 656.350 ; 456 ;2023
Castel di Sasso;Caserta; 1.035 ; 84.200 ; 125.620 ; 349.980 ; 338 ;2023
Castel Volturno;Caserta; 29.466 ; 6.328.245 ; 14.932.840 ; 21.261.085 ; 722 ;2023
Cervino;Caserta; 4.717 ; 1.315.650 ; 298.300 ; 1.613.950 ; 342 ;2023
Cesa;Caserta; 9.643 ; 2.443.260 ; 1.029.900 ; 3.473.160 ; 360 ;2023
Ciorlano;Caserta; 362 ; 29.310 ; 92.300 ; 121.610 ; 336 ;2023
Conca della Campania;Caserta; 1.149 ; 284.380 ; 83.500 ; 367.880 ; 320 ;2023
Curti;Caserta; 6.623 ; 1.680.256 ; 1.550.860 ; 3.231.116 ; 488 ;2023
Dragoni;Caserta; 1.924 ; 385.810 ; 341.140 ; 726.950 ; 378 ;2023
Formicola;Caserta; 1.380 ; 450.940 ; 327.500 ; 778.440 ; 564 ;2023
Francolise;Caserta; 4.619 ; 1.093.860 ; 998.480 ; 2.092.340 ; 453 ;2023
Frignano;Caserta; 8.956 ; 1.136.784 ; 3.179.120 ; 4.315.904 ; 482 ;2023
Gallo Matese;Caserta; 455 ; 57.442 ; 76.900 ; 142.555 ; 313 ;2023
Galluccio;Caserta; 2.026 ; 520.760 ; 193.540 ; 733.463 ; 362 ;2023
Grazzanise;Caserta; 6.731 ; 2.312.940 ; 676.860 ; 2.989.800 ; 444 ;2023
Gricignano di Aversa;Caserta; 12.888 ; 2.489.621 ; 4.016.440 ; 6.506.061 ; 505 ;2023
Letino;Caserta; 628 ; 152.830 ; 53.180 ; 206.010 ; 328 ;2023
Liberi;Caserta; 1.072 ; 190.190 ; 133.540 ; 323.730 ; 302 ;2023
Lusciano;Caserta; 16.203 ; 4.578.800 ; 2.183.560 ; 6.762.360 ; 417 ;2023
Macerata Campania;Caserta; 10.026 ; 2.173.614 ; 1.765.020 ; 3.938.634 ; 393 ;2023
Maddaloni;Caserta; 36.756 ; 6.417.022 ; 11.309.590 ; 17.738.110 ; 483 ;2023
Marcianise;Caserta; 38.285 ; 18.949.869 ; 3.229.420 ; 22.179.289 ; 579 ;2023
Marzano Appio;Caserta; 1.958 ; 324.150 ; 354.660 ; 678.810 ; 347 ;2023
Mignano Monte Lungo;Caserta; 2.998 ; 844.099 ; 119.720 ; 1.024.044 ; 342 ;2023
Mondragone;Caserta; 28.820 ; 5.953.551 ; 8.893.250 ; 14.846.801 ; 515 ;2023
Orta di Atella;Caserta; 27.332 ; 3.146.817 ; 5.786.448 ; 8.933.265 ; 327 ;2023
Parete;Caserta; 12.708 ; 3.794.421 ; 1.588.360 ; 5.382.781 ; 424 ;2023
Pastorano;Caserta; 2.879 ; 1.244.690 ; 663.460 ; 1.908.150 ; 663 ;2023
Piana di Monte Verna;Caserta; 2.047 ; 444.740 ; 272.300 ; 766.315 ; 374 ;2023
Pietramelara;Caserta; 4.433 ; 1.357.310 ; 553.380 ; 1.910.690 ; 431 ;2023
Pietravairano;Caserta; 2.800 ; 515.505 ; 341.660 ; 857.165 ; 306 ;2023
Pignataro Maggiore;Caserta; 5.727 ; 1.502.310 ; 1.028.660 ; 2.530.970 ; 442 ;2023
Pontelatone;Caserta; 1.522 ; 353.175 ; 302.660 ; 678.830 ; 446 ;2023
Portico di Caserta;Caserta; 7.697 ; 1.512.170 ; 1.741.725 ; 3.253.895 ; 423 ;2023
Prata Sannita;Caserta; 1.352 ; 292.130 ; 54.300 ; 375.174 ; 277 ;2023
Pratella;Caserta; 1.384 ; 189.077 ; 430.940 ; 620.017 ; 448 ;2023
Recale;Caserta; 7.613 ; 1.983.960 ; 777.330 ; 2.761.290 ; 363 ;2023
Riardo;Caserta; 2.223 ; 751.520 ; 314.720 ; 1.066.240 ; 480 ;2023
Rocca d'Evandro;Caserta; 3.002 ; 730.450 ; 273.280 ; 1.003.730 ; 334 ;2023
Roccamonfina;Caserta; 3.150 ; 837.360 ; 500.780 ; 1.338.140 ; 425 ;2023
Roccaromana;Caserta; 821 ; 121.630 ; 158.580 ; 280.210 ; 341 ;2023
Rocchetta e Croce;Caserta; 430 ; 68.550 ; 26.920 ; 95.470 ; 222 ;2023
Ruviano;Caserta; 1.691 ; 282.290 ; 172.300 ; 686.183 ; 406 ;2023
San Cipriano d'Aversa;Caserta; 13.263 ; 4.103.860 ; 1.865.690 ; 5.969.550 ; 450 ;2023
San Felice a Cancello;Caserta; 16.846 ; 4.234.345 ; 2.290.640 ; 6.524.985 ; 387 ;2023
San Gregorio Matese;Caserta; 870 ; 162.695 ; 111.360 ; 274.055 ; 315 ;2023
San Potito Sannitico;Caserta; 1.953 ; 399.692 ; 239.120 ; 638.812 ; 327 ;2023
San Prisco;Caserta; 12.156 ; 2.740.258 ; 1.896.150 ; 4.636.408 ; 381 ;2023
Santa Maria a Vico;Caserta; 14.312 ; 4.559.149 ; 594.080 ; 5.153.229 ; 360 ;2023
Santa Maria Capua Vetere;Caserta; 32.083 ; 8.486.169 ; 6.523.770 ; 15.030.470 ; 468 ;2023
Santa Maria la Fossa;Caserta; 2.551 ; 665.110 ; 394.840 ; 1.059.950 ; 416 ;2023
San Tammaro;Caserta; 5.782 ; 1.616.030 ; 1.144.380 ; 2.760.410 ; 477 ;2023
Sant'Angelo d'Alife;Caserta; 2.065 ; 562.272 ; 193.960 ; 764.445 ; 370 ;2023
Sant'Arpino;Caserta; 15.113 ; 3.187.477 ; 2.435.860 ; 5.623.337 ; 372 ;2023
Sessa Aurunca;Caserta; 20.189 ; 5.491.970 ; 3.167.470 ; 8.659.440 ; 429 ;2023
Sparanise;Caserta; 7.219 ; 2.311.665 ; 439.840 ; 2.751.505 ; 381 ;2023
Vairano Patenora;Caserta; 6.318 ; 2.001.100 ; 930.540 ; 2.950.529 ; 467 ;2023
Valle Agricola;Caserta; 754 ; 93.579 ; 59.060 ; 152.639 ; 202 ;2023
Valle di Maddaloni;Caserta; 2.630 ; 676.630 ; 376.360 ; 1.052.990 ; 400 ;2023
Villa di Briano;Caserta; 7.385 ; 1.788.600 ; 1.658.540 ; 3.447.140 ; 467 ;2023
Villa Literno;Caserta; 12.700 ; 2.887.307 ; 4.199.880 ; 7.087.187 ; 558 ;2023
Vitulazio;Caserta; 7.691 ; 1.726.589 ; 1.413.520 ; 3.140.109 ; 408 ;2023
Falciano del Massico;Caserta; 3.378 ; 905.930 ; 537.780 ; 1.443.710 ; 427 ;2023
Cellole;Caserta; 8.238 ; 3.096.138 ; 3.294.700 ; 6.390.838 ; 776 ;2023
Casapesenna;Caserta; 7.025 ; 2.223.210 ; 1.603.560 ; 3.826.770 ; 545 ;2023
San Marco Evangelista;Caserta; 6.458 ; 2.253.712 ; 1.219.060 ; 3.472.772 ; 538 ;2023
Acerra;NA 1; 58.444 ; 17.375.170 ; 7.333.320 ; 24.708.490 ; 423 ;2023
Afragola;NA 1; 61.586 ; 8.079.250 ; 19.389.800 ; 27.469.050 ; 446 ;2023
Caivano;NA 1; 35.996 ; 6.241.156 ; 11.986.460 ; 18.227.616 ; 506 ;2023
Casalnuovo di Napoli;NA 1; 46.892 ; 10.936.428 ; 9.731.428 ; 20.667.856 ; 441 ;2023
Casoria;NA 1; 73.807 ; 15.164.134 ; 17.461.992 ; 32.626.126 ; 442 ;2023
Crispano;NA 1; 11.699 ; 2.490.545 ; 2.748.958 ; 5.239.503 ; 448 ;2023
Frattaminore;NA 1; 15.381 ; 3.189.516 ; 2.916.400 ; 6.105.916 ; 397 ;2023
Napoli;NA 1; 911.697 ; 214.461.554 ; 297.345.544 ; 511.857.468 ; 561 ;2023
Bacoli;NA 2; 25.153 ; 12.367.650 ; 1.268.000 ; 13.757.743 ; 547 ;2023
Barano d'Ischia;NA 2; 9.999 ; 2.140.538 ; 2.645.710 ; 4.786.248 ; 479 ;2023
Calvizzano;NA 2; 12.457 ; 1.956.620 ; 2.980.450 ; 4.937.070 ; 396 ;2023
Casamicciola Terme;NA 2; 7.588 ; 1.344.998 ; 2.783.480 ; 4.128.478 ; 544 ;2023
Casandrino;NA 2; 13.035 ; 3.135.418 ; 2.294.278 ; 5.429.696 ; 417 ;2023
Casavatore;NA 2; 18.174 ; 3.694.838 ; 4.260.780 ; 7.955.618 ; 438 ;2023
Forio;NA 2; 17.467 ; 6.980.981 ; 6.226.600 ; 13.207.581 ; 756 ;2023
Frattamaggiore;NA 2; 28.592 ; 7.594.777 ; 7.362.060 ; 14.956.837 ; 523 ;2023
Giugliano in Campania;NA 2; 123.998 ; 34.561.831 ; 23.476.320 ; 58.079.214 ; 468 ;2023
Grumo Nevano;NA 2; 17.124 ; 4.606.940 ; 2.926.460 ; 7.533.400 ; 440 ;2023
Ischia;NA 2; 19.594 ; 6.512.820 ; 7.430.160 ; 13.942.980 ; 712 ;2023
Lacco Ameno;NA 2; 4.520 ; 1.132.130 ; 1.689.148 ; 2.821.278 ; 624 ;2023
Marano di Napoli;NA 2; 57.726 ; 8.054.492 ; 14.687.823 ; 22.742.315 ; 394 ;2023
Melito di Napoli;NA 2; 36.306 ; 2.771.210 ; 12.603.010 ; 15.374.220 ; 423 ;2023
Monte di Procida;NA 2; 11.832 ; 4.120.805 ; 1.128.640 ; 5.249.445 ; 444 ;2023
Mugnano di Napoli;NA 2; 35.122 ; 7.419.767 ; 7.303.340 ; 14.723.107 ; 419 ;2023
Pozzuoli;NA 2; 76.211 ; 28.402.553 ; 14.321.920 ; 42.724.473 ; 561 ;2023
Procida;NA 2; 10.044 ; 4.017.513 ; 2.065.180 ; 6.082.693 ; 606 ;2023
Qualiano;NA 2; 24.576 ; 4.329.375 ; 5.549.940 ; 9.879.315 ; 402 ;2023
Quarto;NA 2; 41.324 ; 10.010.047 ; 6.808.700 ; 16.818.747 ; 407 ;2023
Sant'Antimo;NA 2; 32.329 ; 9.975.220 ; 7.531.660 ; 17.506.880 ; 542 ;2023
Serrara Fontana;NA 2; 3.070 ; 703.336 ; 1.174.720 ; 1.878.056 ; 612 ;2023
Agerola;NA 3; 7.742 ; 2.330.490 ; 1.065.360 ; 3.516.848 ; 454 ;2023
Anacapri;NA 3; 6.821 ; 3.126.481 ; 1.098.444 ; 4.224.925 ; 619 ;2023
Boscoreale;NA 3; 25.893 ; 5.850.210 ; 5.522.880 ; 11.373.090 ; 439 ;2023
Boscotrecase;NA 3; 9.877 ; 2.906.633 ; 1.329.329 ; 4.235.962 ; 429 ;2023
Brusciano;NA 3; 15.863 ; 3.803.417 ; 2.838.960 ; 6.642.377 ; 419 ;2023
Camposano;NA 3; 5.009 ; 1.837.672 ; 564.500 ; 2.402.172 ; 480 ;2023
Carbonara di Nola;NA 3; 2.444 ; 722.960 ; 405.990 ; 1.131.688 ; 463 ;2023
Casola di Napoli;NA 3; 3.636 ; 992.892 ; 310.640 ; 1.303.532 ; 359 ;2023
Castellammare di Stabia;NA 3; 62.367 ; 13.852.905 ; 16.277.780 ; 30.131.506 ; 483 ;2023
Castello di Cisterna;NA 3; 7.793 ; 2.675.723 ; 1.029.600 ; 3.712.988 ; 476 ;2023
Cercola;NA 3; 16.882 ; 4.035.490 ; 3.538.640 ; 7.574.130 ; 449 ;2023
Cicciano;NA 3; 12.338 ; 3.564.690 ; 930.552 ; 4.495.242 ; 364 ;2023
Cimitile;NA 3; 6.880 ; 2.404.043 ; 124.140 ; 2.528.183 ; 367 ;2023
Comiziano;NA 3; 1.705 ; 499.240 ; 325.640 ; 824.880 ; 484 ;2023
Gragnano;NA 3; 27.806 ; 7.492.180 ; 4.132.000 ; 11.624.180 ; 418 ;2023
Lettere;NA 3; 6.063 ; 1.544.914 ; 729.460 ; 2.274.374 ; 375 ;2023
Marigliano;NA 3; 29.243 ; 5.880.815 ; 6.549.640 ; 12.530.648 ; 429 ;2023
Massa Lubrense;NA 3; 14.186 ; 5.641.555 ; 1.705.700 ; 7.538.880 ; 531 ;2023
Meta;NA 3; 7.791 ; 1.908.459 ; 1.623.280 ; 3.531.739 ; 453 ;2023
Nola;NA 3; 33.784 ; 10.629.810 ; 5.736.152 ; 16.365.962 ; 484 ;2023
Ottaviano;NA 3; 23.288 ; 8.984.674 ; 935.590 ; 9.920.264 ; 426 ;2023
Palma Campania;NA 3; 16.232 ; 5.406.001 ; 1.615.420 ; 7.021.421 ; 433 ;2023
Piano di Sorrento;NA 3; 12.302 ; 4.340.199 ; 2.020.460 ; 6.401.722 ; 520 ;2023
Pimonte;NA 3; 5.862 ; 1.590.908 ; 426.350 ; 2.017.258 ; 344 ;2023
Poggiomarino;NA 3; 22.405 ; 6.935.709 ; 2.846.320 ; 9.782.029 ; 437 ;2023
Pollena Trocchia;NA 3; 12.738 ; 3.314.683 ; 2.024.148 ; 5.338.831 ; 419 ;2023
Pomigliano d'Arco;NA 3; 39.788 ; 12.156.920 ; 6.068.160 ; 18.225.080 ; 458 ;2023
Pompei;NA 3; 23.807 ; 11.536.470 ; 7.399.180 ; 18.935.650 ; 795 ;2023
Portici;NA 3; 51.881 ; 13.056.303 ; 10.025.860 ; 23.082.163 ; 445 ;2023
Ercolano;NA 3; 49.726 ; 9.355.470 ; 11.921.880 ; 21.277.350 ; 428 ;2023
Roccarainola;NA 3; 6.565 ; 1.471.190 ; 562.420 ; 2.033.610 ; 310 ;2023
San Gennaro Vesuviano;NA 3; 12.097 ; 3.738.791 ; 1.252.160 ; 4.990.951 ; 413 ;2023
San Giorgio a Cremano;NA 3; 42.147 ; 7.781.263 ; 7.069.370 ; 14.850.633 ; 352 ;2023
San Giuseppe Vesuviano;NA 3; 30.430 ; 9.026.336 ; 4.348.040 ; 13.374.376 ; 440 ;2023
San Sebastiano al Vesuvio;NA 3; 8.626 ; 2.757.865 ; 1.683.440 ; 4.441.305 ; 515 ;2023
Sant'Agnello;NA 3; 8.606 ; 3.255.180 ; 1.465.100 ; 4.720.280 ; 548 ;2023
Sant'Anastasia;NA 3; 26.187 ; 9.838.750 ; 3.601.900 ; 13.440.650 ; 513 ;2023
Sant'Antonio Abate;NA 3; 18.972 ; 7.442.470 ; 1.399.880 ; 8.847.825 ; 466 ;2023
San Vitaliano;NA 3; 6.611 ; 2.485.308 ; 672.380 ; 3.157.688 ; 478 ;2023
Saviano;NA 3; 15.946 ; 3.732.071 ; 2.461.680 ; 6.193.751 ; 388 ;2023
Scisciano;NA 3; 6.225 ; 1.636.569 ; 783.330 ; 2.419.899 ; 389 ;2023
Somma Vesuviana;NA 3; 33.622 ; 9.970.090 ; 5.794.680 ; 15.764.770 ; 469 ;2023
Sorrento;NA 3; 15.297 ; 10.411.873 ; 4.498.890 ; 14.998.363 ; 980 ;2023
Striano;NA 3; 9.011 ; 2.989.422 ; 1.025.740 ; 4.015.162 ; 446 ;2023
Terzigno;NA 3; 17.271 ; 6.949.848 ; 2.217.320 ; 9.167.168 ; 531 ;2023
Torre Annunziata;NA 3; 40.051 ; 9.694.903 ; 7.811.368 ; 17.506.271 ; 437 ;2023
Torre del Greco;NA 3; 80.093 ; 8.867.105 ; 25.437.618 ; 34.382.468 ; 429 ;2023
Tufino;NA 3; 3.372 ; 1.119.750 ; 279.880 ; 1.399.630 ; 415 ;2023
Vico Equense;NA 3; 20.240 ; 7.212.083 ; 2.291.580 ; 9.503.663 ; 470 ;2023
Visciano;NA 3; 4.136 ; 1.184.400 ; 166.560 ; 1.350.960 ; 327 ;2023
Volla;NA 3; 25.664 ; 6.544.188 ; 4.549.640 ; 11.093.828 ; 432 ;2023
Santa Maria la CaritÃ ;NA 3; 11.734 ; 3.930.020 ; 1.369.100 ; 5.299.120 ; 452 ;2023
Trecase;NA 3; 8.502 ; 1.809.260 ; 2.378.920 ; 4.188.180 ; 493 ;2023
Massa di Somma;NA 3; 4.976 ; 1.731.252 ; 171.700 ; 1.902.952 ; 382 ;2023
Caposele;Salerno; 3.231 ; 444.680 ; 524.160 ; 968.840 ; 300 ;2023
Acerno;Salerno; 2.516 ; 729.805 ; 280.960 ; 1.010.765 ; 402 ;2023
Agropoli;Salerno; 21.349 ; 6.897.687 ; 4.485.820 ; 11.383.507 ; 533 ;2023
Albanella;Salerno; 6.283 ; 1.390.583 ; 439.300 ; 1.829.883 ; 291 ;2023
Alfano;Salerno; 931 ; 155.230 ; 78.180 ; 233.410 ; 251 ;2023
Altavilla Silentina;Salerno; 7.018 ; 1.535.008 ; 484.980 ; 2.019.988 ; 288 ;2023
Amalfi;Salerno; 4.644 ; 2.659.635 ; 1.260.693 ; 3.920.328 ; 844 ;2023
Angri;Salerno; 34.132 ; 8.074.588 ; 8.418.090 ; 16.492.678 ; 483 ;2023
Aquara;Salerno; 1.299 ; 279.956 ; 93.160 ; 373.116 ; 287 ;2023
Ascea;Salerno; 5.828 ; 2.308.950 ; 1.170.060 ; 3.479.010 ; 597 ;2023
Auletta;Salerno; 2.147 ; 343.950 ; 193.820 ; 594.163 ; 277 ;2023
Baronissi;Salerno; 16.887 ; 5.754.080 ; 888.857 ; 6.642.937 ; 393 ;2023
Battipaglia;Salerno; 49.635 ; 15.027.691 ; 6.869.500 ; 21.897.191 ; 441 ;2023
Bellosguardo;Salerno; 681 ; 162.940 ; 48.540 ; 211.480 ; 311 ;2023
Bracigliano;Salerno; 5.322 ; 1.169.513 ; 383.460 ; 1.573.504 ; 296 ;2023
Buonabitacolo;Salerno; 2.430 ; 487.350 ; 261.580 ; 748.930 ; 308 ;2023
Caggiano;Salerno; 2.502 ; 302.790 ; 232.660 ; 783.194 ; 313 ;2023
Camerota;Salerno; 6.829 ; 3.535.345 ; 1.060.640 ; 4.595.985 ; 673 ;2023
Campagna;Salerno; 16.759 ; 4.166.230 ; 1.422.320 ; 5.588.550 ; 333 ;2023
Campora;Salerno; 312 ; 58.280 ; 27.680 ; 85.960 ; 276 ;2023
Capaccio;Salerno; 22.364 ; 9.946.657 ; 5.212.460 ; 15.523.205 ; 694 ;2023
Casalbuono;Salerno; 1.018 ; 147.030 ; 53.200 ; 205.705 ; 202 ;2023
Casaletto Spartano;Salerno; 1.262 ; 167.030 ; 126.340 ; 293.370 ; 232 ;2023
Casal Velino;Salerno; 5.382 ; 3.264.952 ; 749.700 ; 4.168.226 ; 774 ;2023
Caselle in Pittari;Salerno; 1.869 ; 332.002 ; 135.120 ; 494.497 ; 265 ;2023
Castelcivita;Salerno; 1.394 ; 383.210 ; 215.250 ; 598.460 ; 429 ;2023
Castellabate;Salerno; 8.662 ; 4.996.895 ; 1.863.980 ; 6.860.875 ; 792 ;2023
Castelnuovo di Conza;Salerno; 506 ; 117.240 ; 41.440 ; 158.680 ; 314 ;2023
Castel San Giorgio;Salerno; 13.738 ; 4.127.992 ; 1.064.520 ; 5.192.512 ; 378 ;2023
Castel San Lorenzo;Salerno; 2.206 ; 436.326 ; 123.480 ; 614.556 ; 279 ;2023
Castiglione del Genovesi;Salerno; 1.282 ; 264.645 ; 107.440 ; 372.085 ; 290 ;2023
Cava de' Tirreni;Salerno; 50.191 ; 14.937.177 ; 7.224.660 ; 22.280.918 ; 444 ;2023
Celle di Bulgheria;Salerno; 1.711 ; 434.340 ; 117.780 ; 552.120 ; 323 ;2023
Centola;Salerno; 4.958 ; 1.860.289 ; 1.032.680 ; 2.892.969 ; 583 ;2023
Ceraso;Salerno; 2.223 ; 455.219 ; 130.240 ; 602.979 ; 271 ;2023
Cetara;Salerno; 1.937 ; 758.393 ; 222.220 ; 980.613 ; 506 ;2023
Cicerale;Salerno; 1.180 ; 272.517 ; 109.820 ; 382.337 ; 324 ;2023
Colliano;Salerno; 3.403 ; 651.110 ; 405.280 ; 1.056.390 ; 310 ;2023
Controne;Salerno; 764 ; 174.390 ; 23.790 ; 220.080 ; 288 ;2023
Contursi Terme;Salerno; 3.167 ; 693.170 ; 341.620 ; 1.034.790 ; 327 ;2023
Corbara;Salerno; 2.484 ; 752.400 ; 314.920 ; 1.081.008 ; 435 ;2023
Corleto Monforte;Salerno; 485 ; 119.880 ; 44.230 ; 164.110 ; 338 ;2023
Cuccaro Vetere;Salerno; 521 ; 52.920 ; 42.580 ; 149.429 ; 287 ;2023
Eboli;Salerno; 37.601 ; 10.029.925 ; 5.175.680 ; 15.205.605 ; 404 ;2023
Felitto;Salerno; 1.153 ; 213.374 ; 21.300 ; 234.674 ; 204 ;2023
Fisciano;Salerno; 14.129 ; 6.487.513 ; 1.298.260 ; 7.785.773 ; 551 ;2023
Futani;Salerno; 1.071 ; 157.390 ; 82.160 ; 266.925 ; 249 ;2023
Giffoni Sei Casali;Salerno; 4.934 ; 1.421.529 ; 232.660 ; 1.654.189 ; 335 ;2023
Giungano;Salerno; 1.298 ; 314.010 ; 82.540 ; 396.550 ; 306 ;2023
Ispani;Salerno; 963 ; 278.350 ; 134.220 ; 412.570 ; 428 ;2023
Laureana Cilento;Salerno; 1.237 ; 241.350 ; 142.880 ; 384.230 ; 311 ;2023
Laurino;Salerno; 1.245 ; 210.720 ; 108.120 ; 318.840 ; 256 ;2023
Laurito;Salerno; 698 ; 191.649 ; 49.060 ; 281.772 ; 404 ;2023
Laviano;Salerno; 1.308 ; 306.690 ; 169.500 ; 476.190 ; 364 ;2023
Maiori;Salerno; 5.320 ; 2.027.263 ; 1.237.330 ; 3.264.593 ; 614 ;2023
Mercato San Severino;Salerno; 21.493 ; 6.624.535 ; 2.290.240 ; 8.914.775 ; 415 ;2023
Minori;Salerno; 2.587 ; 1.035.800 ; 412.990 ; 1.448.790 ; 560 ;2023
Moio della Civitella;Salerno; 1.804 ; 425.001 ; 100.060 ; 546.961 ; 303 ;2023
Montano Antilia;Salerno; 1.674 ; 192.280 ; 83.600 ; 275.880 ; 165 ;2023
Montecorice;Salerno; 2.563 ; 851.448 ; 308.680 ; 1.160.128 ; 453 ;2023
Montecorvino Pugliano;Salerno; 11.126 ; 3.125.670 ; 1.046.860 ; 4.172.530 ; 375 ;2023
Montecorvino Rovella;Salerno; 12.309 ; 2.997.040 ; 1.272.600 ; 4.269.640 ; 347 ;2023
Monteforte Cilento;Salerno; 547 ; 103.820 ; 30.420 ; 134.240 ; 245 ;2023
Monte San Giacomo;Salerno; 1.406 ; 262.900 ; 113.760 ; 376.660 ; 268 ;2023
Montesano sulla Marcellana;Salerno; 6.221 ; 929.003 ; 503.550 ; 1.473.616 ; 237 ;2023
Morigerati;Salerno; 597 ; 176.830 ; -   ; 176.830 ; 296 ;2023
Nocera Inferiore;Salerno; 43.808 ; 9.938.410 ; 8.761.300 ; 18.699.710 ; 427 ;2023
Nocera Superiore;Salerno; 23.589 ; 6.641.075 ; 1.638.920 ; 8.279.995 ; 351 ;2023
Novi Velia;Salerno; 2.338 ; 402.820 ; 184.860 ; 587.680 ; 251 ;2023
Ogliastro Cilento;Salerno; 2.273 ; 683.413 ; 325.660 ; 1.082.986 ; 476 ;2023
Olevano sul Tusciano;Salerno; 6.559 ; 1.540.146 ; 362.840 ; 1.902.986 ; 290 ;2023
Oliveto Citra;Salerno; 3.620 ; 704.490 ; 634.940 ; 1.339.430 ; 370 ;2023
Omignano;Salerno; 1.639 ; 365.279 ; 196.500 ; 561.779 ; 343 ;2023
Orria;Salerno; 954 ; 145.430 ; 73.020 ; 240.350 ; 252 ;2023
Ottati;Salerno; 580 ; 98.809 ; 24.120 ; 122.929 ; 212 ;2023
Padula;Salerno; 4.805 ; 1.130.856 ; 511.840 ; 1.642.696 ; 342 ;2023
Palomonte;Salerno; 3.709 ; 356.651 ; 360.760 ; 717.411 ; 193 ;2023
Pellezzano;Salerno; 10.894 ; 2.919.354 ; 817.880 ; 3.737.234 ; 343 ;2023
Perdifumo;Salerno; 1.809 ; 441.908 ; 76.680 ; 518.588 ; 287 ;2023
Perito;Salerno; 802 ; 263.159 ; 38.750 ; 301.909 ; 376 ;2023
Pertosa;Salerno; 656 ; 127.810 ; 102.860 ; 230.670 ; 352 ;2023
Piaggine;Salerno; 1.114 ; 203.790 ; 46.540 ; 291.393 ; 262 ;2023
Polla;Salerno; 5.103 ; 1.497.827 ; 567.620 ; 2.065.447 ; 405 ;2023
Pontecagnano Faiano;Salerno; 26.408 ; 9.901.351 ; 3.293.990 ; 13.195.341 ; 500 ;2023
Positano;Salerno; 3.719 ; 2.511.373 ; 2.276.580 ; 4.787.953 ; 1.287 ;2023
Postiglione;Salerno; 1.978 ; 246.810 ; 269.880 ; 516.690 ; 261 ;2023
Praiano;Salerno; 1.970 ; 1.030.533 ; 442.513 ; 1.473.046 ; 748 ;2023
Prignano Cilento;Salerno; 1.095 ; 212.800 ; 109.590 ; 322.390 ; 294 ;2023
Ravello;Salerno; 2.372 ; 1.298.376 ; 562.560 ; 1.860.936 ; 785 ;2023
Ricigliano;Salerno; 1.064 ; 246.410 ; 63.960 ; 365.120 ; 343 ;2023
Roccadaspide;Salerno; 6.889 ; 1.552.466 ; 417.860 ; 1.970.326 ; 286 ;2023
Roccagloriosa;Salerno; 1.560 ; 367.120 ; 148.920 ; 530.549 ; 340 ;2023
Roccapiemonte;Salerno; 8.708 ; 2.232.630 ; 783.500 ; 3.016.130 ; 346 ;2023
Rofrano;Salerno; 1.258 ; 294.770 ; 88.500 ; 383.270 ; 305 ;2023
Roscigno;Salerno; 594 ; 147.400 ; 33.000 ; 199.563 ; 336 ;2023
Rutino;Salerno; 767 ; 224.650 ; 111.880 ; 336.530 ; 439 ;2023
Sacco;Salerno; 432 ; 105.150 ; 33.180 ; 152.018 ; 352 ;2023
Salento;Salerno; 1.759 ; 376.874 ; 221.880 ; 598.754 ; 340 ;2023
Salerno;Salerno; 126.625 ; 42.811.242 ; 14.977.280 ; 57.791.533 ; 456 ;2023
Salvitelle;Salerno; 482 ; 41.670 ; 62.720 ; 104.390 ; 217 ;2023
San Cipriano Picentino;Salerno; 6.583 ; 1.791.079 ; 885.400 ; 2.676.479 ; 407 ;2023
San Giovanni a Piro;Salerno; 3.592 ; 1.168.520 ; 448.140 ; 1.616.660 ; 450 ;2023
San Gregorio Magno;Salerno; 3.886 ; 730.500 ; 122.960 ; 990.335 ; 255 ;2023
San Mango Piemonte;Salerno; 2.624 ; 730.684 ; 299.860 ; 1.030.544 ; 393 ;2023
San Marzano sul Sarno;Salerno; 10.202 ; 3.371.645 ; 1.183.560 ; 4.555.205 ; 447 ;2023
San Mauro la Bruca;Salerno; 537 ; 41.430 ; 45.590 ; 140.675 ; 262 ;2023
San Rufo;Salerno; 1.597 ; 237.896 ; 108.460 ; 346.356 ; 217 ;2023
Santa Marina;Salerno; 3.226 ; 769.150 ; 571.460 ; 1.340.610 ; 416 ;2023
Sant'Angelo a Fasanella;Salerno; 489 ; 84.780 ; 40.540 ; 125.320 ; 256 ;2023
Sant'Arsenio;Salerno; 2.641 ; 686.060 ; 292.900 ; 978.960 ; 371 ;2023
Sant'Egidio del Monte Albino;Salerno; 8.750 ; 3.364.800 ; 1.436.340 ; 4.806.615 ; 549 ;2023
Santomenna;Salerno; 387 ; 84.994 ; 28.560 ; 113.554 ; 293 ;2023
Sanza;Salerno; 2.338 ; 362.630 ; 100.920 ; 496.400 ; 212 ;2023
Sarno;Salerno; 30.636 ; 10.305.778 ; 3.098.260 ; 13.404.038 ; 438 ;2023
Scafati;Salerno; 47.940 ; 12.006.063 ; 7.951.100 ; 19.957.163 ; 416 ;2023
Scala;Salerno; 1.497 ; 510.968 ; 158.550 ; 683.206 ; 456 ;2023
Serramezzana;Salerno; 271 ; 35.670 ; 16.900 ; 52.570 ; 194 ;2023
Sessa Cilento;Salerno; 1.134 ; 231.210 ; 70.820 ; 302.030 ; 266 ;2023
Siano;Salerno; 9.374 ; 1.576.525 ; 1.685.760 ; 3.262.285 ; 348 ;2023
Sicignano degli Alburni;Salerno; 3.043 ; 838.290 ; 144.220 ; 982.510 ; 323 ;2023
Stella Cilento;Salerno; 630 ; 199.779 ; 63.120 ; 262.899 ; 417 ;2023
Stio;Salerno; 776 ; 150.550 ; 76.800 ; 227.350 ; 293 ;2023
Teggiano;Salerno; 7.030 ; 1.272.245 ; 775.740 ; 2.118.339 ; 301 ;2023
Torchiara;Salerno; 1.877 ; 660.691 ; 127.040 ; 787.731 ; 420 ;2023
Torre Orsaia;Salerno; 1.946 ; 398.930 ; 180.960 ; 579.890 ; 298 ;2023
Tortorella;Salerno; 476 ; 111.940 ; 15.680 ; 127.620 ; 268 ;2023
Tramonti;Salerno; 4.153 ; 1.040.836 ; 346.250 ; 1.672.334 ; 403 ;2023
Trentinara;Salerno; 1.564 ; 393.276 ; 218.880 ; 612.156 ; 391 ;2023
Vallo della Lucania;Salerno; 7.953 ; 2.736.730 ; 1.064.460 ; 3.801.190 ; 478 ;2023
Valva;Salerno; 1.536 ; 286.850 ; 80.240 ; 394.465 ; 257 ;2023
Vibonati;Salerno; 3.211 ; 886.460 ; 538.420 ; 1.424.880 ; 444 ;2023
Vietri sul Mare;Salerno; 7.098 ; 2.388.252 ; 1.236.060 ; 3.624.312 ; 511 ;2023
Bellizzi;Salerno; 13.302 ; 5.148.079 ; 1.322.440 ; 6.470.519 ; 486 ;2023
